Municipality,Province,Province ID,Municipality ID
BACARRA,ILOCOS NORTE,1,1
BADOC,ILOCOS NORTE,1,2
BANGUI,ILOCOS NORTE,1,3
DUMALNEG,ILOCOS NORTE,1,4
BANNA (ESPIRITU),ILOCOS NORTE,1,5
BURGOS,ILOCOS NORTE,1,6
CURRIMAO,ILOCOS NORTE,1,7
DINGRAS,ILOCOS NORTE,1,8
NUEVA ERA,ILOCOS NORTE,1,9
MARCOS,ILOCOS NORTE,1,10
ADAMS,ILOCOS NORTE,1,11
PAGUDPUD,ILOCOS NORTE,1,12
PAOAY,ILOCOS NORTE,1,13
PASUQUIN,ILOCOS NORTE,1,14
PIDDIG,ILOCOS NORTE,1,15
CARASI,ILOCOS NORTE,1,16
PINILI,ILOCOS NORTE,1,17
SAN NICOLAS,ILOCOS NORTE,1,18
SARRAT,ILOCOS NORTE,1,19
SOLSONA,ILOCOS NORTE,1,20
VINTAR,ILOCOS NORTE,1,21
ALILEM,ILOCOS SUR,2,22
SUGPON,ILOCOS SUR,2,23
SANTA,ILOCOS SUR,2,24
SANTIAGO,ILOCOS SUR,2,25
BANAYOYO,ILOCOS SUR,2,26
LIDLIDDA,ILOCOS SUR,2,27
SAN EMILIO,ILOCOS SUR,2,28
BANTAY,ILOCOS SUR,2,29
SAN ESTEBAN,ILOCOS SUR,2,30
BURGOS,ILOCOS SUR,2,31
CABUGAO,ILOCOS SUR,2,32
CAOAYAN,ILOCOS SUR,2,33
CERVANTES,ILOCOS SUR,2,34
QUIRINO (ANGKAKI),ILOCOS SUR,2,35
MAGSINGAL,ILOCOS SUR,2,36
NARVACAN,ILOCOS SUR,2,37
NAGBUKEL,ILOCOS SUR,2,38
SIGAY,ILOCOS SUR,2,39
SALCEDO (BAUGEN),ILOCOS SUR,2,40
GALIMUYOD,ILOCOS SUR,2,41
GREGORIO DEL PILAR (CONCEPCION),ILOCOS SUR,2,42
SAN JUAN (LAPOG),ILOCOS SUR,2,43
SAN VICENTE,ILOCOS SUR,2,44
SINAIT,ILOCOS SUR,2,45
SANTA CATALINA,ILOCOS SUR,2,46
SANTA CRUZ,ILOCOS SUR,2,47
SANTA LUCIA,ILOCOS SUR,2,48
SANTA MARIA,ILOCOS SUR,2,49
SANTO DOMINGO,ILOCOS SUR,2,50
SAN ILDEFONSO,ILOCOS SUR,2,51
SUYO,ILOCOS SUR,2,52
TAGUDIN,ILOCOS SUR,2,53
AGOO,LA UNION,3,54
ARINGAY,LA UNION,3,55
BACNOTAN,LA UNION,3,56
BAGULIN,LA UNION,3,57
BALAOAN,LA UNION,3,58
BANGAR,LA UNION,3,59
BAUANG,LA UNION,3,60
BURGOS,LA UNION,3,61
CABA,LA UNION,3,62
LUNA,LA UNION,3,63
NAGUILIAN,LA UNION,3,64
PUGO,LA UNION,3,65
ROSARIO,LA UNION,3,66
SAN GABRIEL,LA UNION,3,67
SAN JUAN,LA UNION,3,68
SANTOL,LA UNION,3,69
SANTO TOMAS,LA UNION,3,70
SUDIPEN,LA UNION,3,71
TUBAO,LA UNION,3,72
AGNO,PANGASINAN,4,73
LINGAYEN (Capital),PANGASINAN,4,74
BAYAMBANG,PANGASINAN,4,75
BUGALLON,PANGASINAN,4,76
SANTA BARBARA,PANGASINAN,4,77
AGUILAR,PANGASINAN,4,78
ANDA,PANGASINAN,4,79
BANI,PANGASINAN,4,80
BASISTA,PANGASINAN,4,81
BINMALEY,PANGASINAN,4,82
BOLINAO,PANGASINAN,4,83
BURGOS,PANGASINAN,4,84
CALASIAO,PANGASINAN,4,85
DASOL,PANGASINAN,4,86
INFANTA,PANGASINAN,4,87
LABRADOR,PANGASINAN,4,88
MABINI,PANGASINAN,4,89
MALASIQUI,PANGASINAN,4,90
MANGATAREM,PANGASINAN,4,91
MAPANDAN,PANGASINAN,4,92
SUAL,PANGASINAN,4,93
URBIZTONDO,PANGASINAN,4,94
ALCALA,PANGASINAN,4,95
MANAOAG,PANGASINAN,4,96
ROSALES,PANGASINAN,4,97
SAN NICOLAS,PANGASINAN,4,98
SAN QUINTIN,PANGASINAN,4,99
POZORRUBIO,PANGASINAN,4,100
TAYUG,PANGASINAN,4,101
LAOAC,PANGASINAN,4,102
VILLASIS,PANGASINAN,4,103
ASINGAN,PANGASINAN,4,104
BALUNGAO,PANGASINAN,4,105
BAUTISTA,PANGASINAN,4,106
BINALONAN,PANGASINAN,4,107
MANGALDAN,PANGASINAN,4,108
NATIVIDAD,PANGASINAN,4,109
SAN FABIAN,PANGASINAN,4,110
SAN JACINTO,PANGASINAN,4,111
SAN MANUEL,PANGASINAN,4,112
SISON,PANGASINAN,4,113
SANTA MARIA,PANGASINAN,4,114
SANTO TOMAS,PANGASINAN,4,115
UMINGAN,PANGASINAN,4,116
DAGUPAN CITY,PANGASINAN,4,117
LAOAG CITY (Capital),ILOCOS NORTE,1,118
SAN CARLOS CITY,PANGASINAN,4,119
CITY OF URDANETA,PANGASINAN,4,120
CITY OF CANDON,ILOCOS SUR,2,121
CITY OF ALAMINOS,PANGASINAN,4,122
CITY OF VIGAN (Capital),ILOCOS SUR,2,123
CITY OF SAN FERNANDO (Capital),LA UNION,3,124
CITY OF BATAC,ILOCOS NORTE,1,125
BASCO (Capital),BATANES,5,126
UYUGAN,BATANES,5,127
ITBAYAT,BATANES,5,128
IVANA,BATANES,5,129
MAHATAO,BATANES,5,130
SABTANG,BATANES,5,131
ABULUG,CAGAYAN,6,132
CLAVERIA,CAGAYAN,6,133
TUAO,CAGAYAN,6,134
ALCALA,CAGAYAN,6,135
ALLACAPAN,CAGAYAN,6,136
AMULUNG,CAGAYAN,6,137
APARRI,CAGAYAN,6,138
BAGGAO,CAGAYAN,6,139
BALLESTEROS,CAGAYAN,6,140
BUGUEY,CAGAYAN,6,141
CALAYAN,CAGAYAN,6,142
CAMALANIUGAN,CAGAYAN,6,143
ENRILE,CAGAYAN,6,144
GATTARAN,CAGAYAN,6,145
GONZAGA,CAGAYAN,6,146
IGUIG,CAGAYAN,6,147
LAL-LO,CAGAYAN,6,148
LASAM,CAGAYAN,6,149
PAMPLONA,CAGAYAN,6,150
PEÑABLANCA,CAGAYAN,6,151
PIAT,CAGAYAN,6,152
RIZAL,CAGAYAN,6,153
SANCHEZ-MIRA,CAGAYAN,6,154
SOLANA,CAGAYAN,6,155
SANTA ANA,CAGAYAN,6,156
SANTA PRAXEDES,CAGAYAN,6,157
SANTA TERESITA,CAGAYAN,6,158
SANTO NIÑO (FAIRE),CAGAYAN,6,159
ALICIA,ISABELA,7,160
ANGADANAN,ISABELA,7,161
AURORA,ISABELA,7,162
BENITO SOLIVEN,ISABELA,7,163
BURGOS,ISABELA,7,164
CABANGAN,ISABELA,7,165
CORDON,ISABELA,7,166
DELFIN ALBANO (MAGSAYSAY),ISABELA,7,167
ECHAGUE,ISABELA,7,168
GAMU,ISABELA,7,169
ILAGAN CITY (CAPITAL),ISABELA,7,170
JONES,ISABELA,7,171
LUNA,ISABELA,7,172
MALLIG,ISABELA,7,173
NAGUILIAN,ISABELA,7,174
PALANAN,ISABELA,7,175
DIVILACAN,ISABELA,7,176
DINAPIGUE,ISABELA,7,177
MACONACON,ISABELA,7,178
QUEZON,ISABELA,7,179
QUIRINO,ISABELA,7,180
RAMON,ISABELA,7,181
REINA MERCEDES,ISABELA,7,182
ROXAS,ISABELA,7,183
SAN AGUSTIN,ISABELA,7,184
SAN GUILLERMO,ISABELA,7,185
SAN ISIDRO,ISABELA,7,186
SAN MANUEL,ISABELA,7,187
SAN MARIANO,ISABELA,7,188
SAN MATEO,ISABELA,7,189
SAN PABLO,ISABELA,7,190
SANTA MARIA,ISABELA,7,191
SANTO TOMAS,ISABELA,7,192
TUMAUINI,ISABELA,7,193
CABATUAN,ISABELA,7,194
ARITAO,NUEVA VIZCAYA,8,195
BAGBAG,NUEVA VIZCAYA,8,196
BAMBANG,NUEVA VIZCAYA,8,197
BAYOMBONG (Capital),NUEVA VIZCAYA,8,198
DIADI,NUEVA VIZCAYA,8,199
DUPAX DEL NORTE,NUEVA VIZCAYA,8,200
DUPAX DEL SUR,NUEVA VIZCAYA,8,201
KASIBU,NUEVA VIZCAYA,8,202
KAYAPA,NUEVA VIZCAYA,8,203
QUEZON,NUEVA VIZCAYA,8,204
SOLANO,NUEVA VIZCAYA,8,205
SANTA FE,NUEVA VIZCAYA,8,206
VILLAVERDE,NUEVA VIZCAYA,8,207
AMBAGUIO,NUEVA VIZCAYA,8,208
ALFONSO CASTAÑEDA,NUEVA VIZCAYA,8,209
AGLIPAY,QUIRINO,9,210
CABARROGUIS (Capital),QUIRINO,9,211
DIFFUN,QUIRINO,9,212
MADDELA,QUIRINO,9,213
NAGTIPUNAN,QUIRINO,9,214
SAGUDAY,QUIRINO,9,215
TUGUEGARAO CITY(Capital),CAGAYAN,6,216
CITY OF CAUAYAN,ISABELA,7,217
CITY OF SANTIAGO,ISABELA,7,218
SAN JOSE CITY,NUEVA ECIJA,10,219
BALER  (Capital),AURORA,11,220
MARIA AURORA,AURORA,11,221
CASIGURAN,AURORA,11,222
DILASAG,AURORA,11,223
DINALUNGAN,AURORA,11,224
DINGALAN,AURORA,11,225
DIPACULAO,AURORA,11,226
SAN LUIS,AURORA,11,227
ABUCAY,BATAAN,12,228
BAGAC,BATAAN,12,229
DINALUPIHAN,BATAAN,12,230
HERMOSA,BATAAN,12,231
LIMAY,BATAAN,12,232
MARIVELES,BATAAN,12,233
MORONG,BATAAN,12,234
ORANI,BATAAN,12,235
ORION,BATAAN,12,236
PILAR,BATAAN,12,237
SAMAL,BATAAN,12,238
ANGAT,BULACAN,13,239
BALIUAG,BULACAN,13,240
SANTA MARIA,BULACAN,13,241
GUIGUINTO,BULACAN,13,242
SAN ILDEFONSO,BULACAN,13,243
SAN MIGUEL,BULACAN,13,244
BALAGTAS (BIGAA),BULACAN,13,245
BOCAUE,BULACAN,13,246
BULACAN,BULACAN,13,247
BUSTOS,BULACAN,13,248
PLARIDEL,BULACAN,13,249
CALUMPIT,BULACAN,13,250
HAGONOY,BULACAN,13,251
MARILAO,BULACAN,13,252
NORZAGARAY,BULACAN,13,253
OBANDO,BULACAN,13,254
PANDI,BULACAN,13,255
PAOMBONG,BULACAN,13,256
PULILAN,BULACAN,13,257
SAN RAFAEL,BULACAN,13,258
DOÑA REMEDIOS TRINIDAD,BULACAN,13,259
ALIAGA,NUEVA ECIJA,10,260
GUIMBA,NUEVA ECIJA,10,261
SANTA ROSA,NUEVA ECIJA,10,262
CARRANGLAN,NUEVA ECIJA,10,263
RIZAL,NUEVA ECIJA,10,264
JAEN,NUEVA ECIJA,10,265
BONGABON,NUEVA ECIJA,10,266
CABIAO,NUEVA ECIJA,10,267
CUYAPO,NUEVA ECIJA,10,268
GABALDON (BITULOK & SABANI),NUEVA ECIJA,10,269
GENERAL MAMERTO NATIVIDAD,NUEVA ECIJA,10,270
GENERAL TINIO (PAPAYA),NUEVA ECIJA,10,271
LAUR,NUEVA ECIJA,10,272
LICAB,NUEVA ECIJA,10,273
LLANERA,NUEVA ECIJA,10,274
LUPAO,NUEVA ECIJA,10,275
NAMPICUAN,NUEVA ECIJA,10,276
PALAYAN CITY (Capital),NUEVA ECIJA,10,277
PANTABANGAN,NUEVA ECIJA,10,278
PEÑARANDA,NUEVA ECIJA,10,279
QUEZON,NUEVA ECIJA,10,280
SAN ANTONIO,NUEVA ECIJA,10,281
SAN ISIDRO,NUEVA ECIJA,10,282
SAN LEONARDO,NUEVA ECIJA,10,283
CABANATUAN CITY,NUEVA ECIJA,10,284
SANTO DOMINGO,NUEVA ECIJA,10,285
TALAVERA,NUEVA ECIJA,10,286
TALUGTUG,NUEVA ECIJA,10,287
ZARAGOZA,NUEVA ECIJA,10,288
APALIT,PAMPANGA,14,289
MAGALANG,PAMPANGA,14,290
ARAYAT,PAMPANGA,14,291
CANDABA,PAMPANGA,14,292
GUAGUA,PAMPANGA,14,293
MEXICO,PAMPANGA,14,294
SAN LUIS,PAMPANGA,14,295
SAN SIMON,PAMPANGA,14,296
SANTO TOMAS,PAMPANGA,14,297
SANTA RITA,PAMPANGA,14,298
LUBAO,PAMPANGA,14,299
BACOLOR,PAMPANGA,14,300
FLORIDABLANCA,PAMPANGA,14,301
MACABEBE,PAMPANGA,14,302
MASANTOL,PAMPANGA,14,303
MINALIN,PAMPANGA,14,304
PORAC,PAMPANGA,14,305
SASMUAN (SEXMOAN),PAMPANGA,14,306
SANTA ANA,PAMPANGA,14,307
CITY OF SAN FERNANDO (Capital),PAMPANGA,14,308
ANAO,TARLAC,15,309
BAMBAN,TARLAC,15,310
CAMILING,TARLAC,15,311
PANIQUI,TARLAC,15,312
CITY OF TARLAC (Capital),TARLAC,15,313
CAPAS,TARLAC,15,314
CONCEPCION,TARLAC,15,315
GERONA,TARLAC,15,316
LA PAZ,TARLAC,15,317
MAYANTOC,TARLAC,15,318
MONCADA,TARLAC,15,319
PURA,TARLAC,15,320
RAMOS,TARLAC,15,321
SAN CLEMENTE,TARLAC,15,322
SAN JOSE,TARLAC,15,323
SAN MANUEL,TARLAC,15,324
SANTA IGNACIA,TARLAC,15,325
VICTORIA,TARLAC,15,326
BOTOLAN,ZAMBALES,16,327
SANTA CRUZ,ZAMBALES,16,328
SAN FELIPE,ZAMBALES,16,329
CABANGAN,ZAMBALES,16,330
CANDELARIA,ZAMBALES,16,331
CASTILLEJOS,ZAMBALES,16,332
IBA (Capital),ZAMBALES,16,333
MASINLOC,ZAMBALES,16,334
PALAUIG,ZAMBALES,16,335
SAN ANTONIO,ZAMBALES,16,336
SAN MARCELINO,ZAMBALES,16,337
SAN NARCISO,ZAMBALES,16,338
SUBIC,ZAMBALES,16,339
ANGELES CITY,PAMPANGA,14,340
OLONGAPO CITY,ZAMBALES,16,341
CITY OF SAN JOSE DEL MONTE,BULACAN,13,342
CITY OF GAPAN,NUEVA ECIJA,10,343
SCIENCE CITY OF MUÑOZ,NUEVA ECIJA,10,344
CITY OF BALANGA (Capital),BATAAN,12,345
CITY OF MALOLOS  (Capital),BULACAN,13,346
CITY OF MEYCAUAYAN,BULACAN,13,347
MABALACAT CITY,PAMPANGA,14,348
CITY OF DASMARIÑAS,CAVITE,17,349
AGONCILLO,BATANGAS,18,350
ALITAGTAG,BATANGAS,18,351
BALAYAN,BATANGAS,18,352
BALETE,BATANGAS,18,353
BAUAN,BATANGAS,18,354
CALACA,BATANGAS,18,355
CALATAGAN,BATANGAS,18,356
CUENCA,BATANGAS,18,357
IBAAN,BATANGAS,18,358
LAUREL,BATANGAS,18,359
LEMERY,BATANGAS,18,360
BATANGAS CITY (Capital),BATANGAS,18,361
LIAN,BATANGAS,18,362
LOBO,BATANGAS,18,363
MABINI,BATANGAS,18,364
MALVAR,BATANGAS,18,365
MATAASNAKAHOY,BATANGAS,18,366
NASUGBU,BATANGAS,18,367
PADRE GARCIA,BATANGAS,18,368
ROSARIO,BATANGAS,18,369
SAN JOSE,BATANGAS,18,370
SAN JUAN,BATANGAS,18,371
SAN LUIS,BATANGAS,18,372
SAN NICOLAS,BATANGAS,18,373
SAN PASCUAL,BATANGAS,18,374
SANTA TERESITA,BATANGAS,18,375
TAAL,BATANGAS,18,376
TALISAY,BATANGAS,18,377
TAYSAN,BATANGAS,18,378
TINGLOY,BATANGAS,18,379
TUY,BATANGAS,18,380
ALFONSO,CAVITE,17,381
AMADEO,CAVITE,17,382
CARMONA,CAVITE,17,383
GENERAL EMILIO AGUINALDO,CAVITE,17,384
GEN. MARIANO ALVAREZ,CAVITE,17,385
INDANG,CAVITE,17,386
KAWIT,CAVITE,17,387
MAGALLANES,CAVITE,17,388
MARAGONDON,CAVITE,17,389
MENDEZ (MENDEZ-NUÑEZ),CAVITE,17,390
NAIC,CAVITE,17,391
NOVELETA,CAVITE,17,392
ROSARIO,CAVITE,17,393
SILANG,CAVITE,17,394
TAGAYTAY CITY,CAVITE,17,395
TANZA,CAVITE,17,396
TERNATE,CAVITE,17,397
TRECE MARTIRES CITY (Capital),CAVITE,17,398
ALAMINOS,LAGUNA,19,399
SANTA CRUZ (Capital),LAGUNA,19,400
LOS BAÑOS,LAGUNA,19,401
MABITAC,LAGUNA,19,402
VICTORIA,LAGUNA,19,403
NAGCARLAN,LAGUNA,19,404
BAY,LAGUNA,19,405
CALAUAN,LAGUNA,19,406
CAVINTI,LAGUNA,19,407
FAMY,LAGUNA,19,408
LILIW,LAGUNA,19,409
LUISIANA,LAGUNA,19,410
LUMBAN,LAGUNA,19,411
KALAYAAN,LAGUNA,19,412
MAGDALENA,LAGUNA,19,413
MAJAYJAY,LAGUNA,19,414
RIZAL,LAGUNA,19,415
PAETE,LAGUNA,19,416
PAGSANJAN,LAGUNA,19,417
PANGIL,LAGUNA,19,418
PAKIL,LAGUNA,19,419
PILA,LAGUNA,19,420
SANTA MARIA,LAGUNA,19,421
SINILOAN,LAGUNA,19,422
ALABAT,QUEZON,20,423
ATIMONAN,QUEZON,20,424
BUENAVISTA,QUEZON,20,425
BURDEOS,QUEZON,20,426
CALAUAG,QUEZON,20,427
CANDELARIA,QUEZON,20,428
CATANAUAN,QUEZON,20,429
DOLORES,QUEZON,20,430
GENERAL LUNA,QUEZON,20,431
GENERAL NAKAR,QUEZON,20,432
GUINAYANGAN,QUEZON,20,433
GUMACA,QUEZON,20,434
INFANTA,QUEZON,20,435
LOPEZ,QUEZON,20,436
LUCBAN,QUEZON,20,437
MACALELON,QUEZON,20,438
MAUBAN,QUEZON,20,439
MULANAY,QUEZON,20,440
AGDANGAN,QUEZON,20,441
PADRE BURGOS,QUEZON,20,442
PAGBILAO,QUEZON,20,443
JOMALIG,QUEZON,20,444
PATNANUNGAN,QUEZON,20,445
PEREZ,QUEZON,20,446
PITOGO,QUEZON,20,447
PLARIDEL,QUEZON,20,448
POLILLO,QUEZON,20,449
QUEZON,QUEZON,20,450
LUCENA CITY (Capital),QUEZON,20,451
CITY OF TAYABAS,QUEZON,20,452
REAL,QUEZON,20,453
SAMPALOC,QUEZON,20,454
SAN ANDRES,QUEZON,20,455
SAN ANTONIO,QUEZON,20,456
SAN FRANCISCO (AURORA),QUEZON,20,457
SAN NARCISO,QUEZON,20,458
SARIAYA,QUEZON,20,459
TAGKAWAYAN,QUEZON,20,460
TIAONG,QUEZON,20,461
UNISAN,QUEZON,20,462
PANUKULAN,QUEZON,20,463
ANGONO,RIZAL,21,464
TAYTAY,RIZAL,21,465
MORONG,RIZAL,21,466
CAINTA,RIZAL,21,467
BINANGONAN,RIZAL,21,468
SAN MATEO,RIZAL,21,469
TANAY,RIZAL,21,470
RODRIGUEZ (MONTALBAN),RIZAL,21,471
TERESA,RIZAL,21,472
CARDONA,RIZAL,21,473
PILILLA,RIZAL,21,474
BARAS,RIZAL,21,475
JALA-JALA,RIZAL,21,476
CAVITE CITY,CAVITE,17,477
LIPA CITY,BATANGAS,18,478
SAN PABLO CITY,LAGUNA,19,479
CITY OF CALAMBA,LAGUNA,19,480
CITY OF ANTIPOLO,RIZAL,21,481
CITY OF TANAUAN,BATANGAS,18,482
CITY OF SANTA ROSA,LAGUNA,19,483
BACOOR,CAVITE,17,484
IMUS,CAVITE,17,485
CITY OF BIÑAN,LAGUNA,19,486
CABUYAO,LAGUNA,19,487
CITY OF GENERAL TRIAS,CAVITE,17,488
SAN PEDRO,LAGUNA,19,489
SANTO TOMAS,BATANGAS,18,490
BOAC (Capital),MARINDUQUE,22,491
BUENAVISTA,MARINDUQUE,22,492
SANTA CRUZ,MARINDUQUE,22,493
GASAN,MARINDUQUE,22,494
MOGPOG,MARINDUQUE,22,495
TORRIJOS,MARINDUQUE,22,496
ABRA DE ILOG,OCCIDENTAL MINDORO,23,497
PALUAN,OCCIDENTAL MINDORO,23,498
CALINTAAN,OCCIDENTAL MINDORO,23,499
LOOC,OCCIDENTAL MINDORO,23,500
LUBANG,OCCIDENTAL MINDORO,23,501
MAGSAYSAY,OCCIDENTAL MINDORO,23,502
MAMBURAO (Capital),OCCIDENTAL MINDORO,23,503
RIZAL,OCCIDENTAL MINDORO,23,504
SABLAYAN,OCCIDENTAL MINDORO,23,505
SAN JOSE,OCCIDENTAL MINDORO,23,506
SANTA CRUZ,OCCIDENTAL MINDORO,23,507
BACO,ORIENTAL MINDORO,24,508
GLORIA,ORIENTAL MINDORO,24,509
BANSUD,ORIENTAL MINDORO,24,510
BONGABONG,ORIENTAL MINDORO,24,511
BULALACAO (SAN PEDRO),ORIENTAL MINDORO,24,512
MANSALAY,ORIENTAL MINDORO,24,513
NAUJAN,ORIENTAL MINDORO,24,514
PINAMALAYAN,ORIENTAL MINDORO,24,515
POLA,ORIENTAL MINDORO,24,516
PUERTO GALERA,ORIENTAL MINDORO,24,517
ROXAS,ORIENTAL MINDORO,24,518
SAN TEODORO,ORIENTAL MINDORO,24,519
SOCORRO,ORIENTAL MINDORO,24,520
VICTORIA,ORIENTAL MINDORO,24,521
ABORLAN,PALAWAN,25,522
AGUTAYA,PALAWAN,25,523
ARACELI,PALAWAN,25,524
BALABAC,PALAWAN,25,525
BATARAZA,PALAWAN,25,526
BROOKE'S POINT,PALAWAN,25,527
SOFRONIO ESPAÑOLA,PALAWAN,25,528
BUSUANGA,PALAWAN,25,529
CAGAYANCILLO,PALAWAN,25,530
CORON,PALAWAN,25,531
CUYO,PALAWAN,25,532
EL NIDO (BACUIT),PALAWAN,25,533
MAGSAYSAY,PALAWAN,25,534
NARRA,PALAWAN,25,535
QUEZON,PALAWAN,25,536
KALAYAAN,PALAWAN,25,537
ROXAS,PALAWAN,25,538
SAN VICENTE,PALAWAN,25,539
TAYTAY,PALAWAN,25,540
DUMARAN,PALAWAN,25,541
RIZAL (MARCOS),PALAWAN,25,542
CULION,PALAWAN,25,543
LINAPACAN,PALAWAN,25,544
ALCANTARA,ROMBLON,26,545
BANTON,ROMBLON,26,546
CAJIDIOCAN,ROMBLON,26,547
MAGDIWANG,ROMBLON,26,548
CONCEPCION,ROMBLON,26,549
CORCUERA,ROMBLON,26,550
LOOC,ROMBLON,26,551
ODIONGAN,ROMBLON,26,552
FERROL,ROMBLON,26,553
ROMBLON (Capital),ROMBLON,26,554
SAN AGUSTIN,ROMBLON,26,555
CALATRAVA,ROMBLON,26,556
SANTA MARIA (IMELDA),ROMBLON,26,557
SAN ANDRES,ROMBLON,26,558
SAN FERNANDO,ROMBLON,26,559
SANTA FE,ROMBLON,26,560
SAN JOSE,ROMBLON,26,561
PUERTO PRINCESA CITY (Capital),PALAWAN,25,562
CITY OF CALAPAN (Capital),ORIENTAL MINDORO,24,563
BACACAY,ALBAY,27,564
GUINOBATAN,ALBAY,27,565
PIO DURAN,ALBAY,27,566
DARAGA (LOCSIN),ALBAY,27,567
POLANGUI,ALBAY,27,568
TIWI,ALBAY,27,569
CAMALIG,ALBAY,27,570
JOVELLAR,ALBAY,27,571
LIBON,ALBAY,27,572
MALILIPOT,ALBAY,27,573
MALINAO,ALBAY,27,574
MANITO,ALBAY,27,575
OAS,ALBAY,27,576
RAPU-RAPU,ALBAY,27,577
SANTO DOMINGO (LIBOG),ALBAY,27,578
BASUD,CAMARINES NORTE,28,579
CAPALONGA,CAMARINES NORTE,28,580
DAET (Capital),CAMARINES NORTE,28,581
JOSE PANGANIBAN,CAMARINES NORTE,28,582
LABO,CAMARINES NORTE,28,583
MERCEDES,CAMARINES NORTE,28,584
PARACALE,CAMARINES NORTE,28,585
SAN VICENTE,CAMARINES NORTE,28,586
SAN LORENZO RUIZ (IMELDA),CAMARINES NORTE,28,587
SANTA ELENA,CAMARINES NORTE,28,588
TALISAY,CAMARINES NORTE,28,589
VINZONS,CAMARINES NORTE,28,590
BAAO,CAMARINES SUR,29,591
CANAMAN,CAMARINES SUR,29,592
BATO,CAMARINES SUR,29,593
PILI (Capital),CAMARINES SUR,29,594
GOA,CAMARINES SUR,29,595
PRESENTACION (PARUBCAN),CAMARINES SUR,29,596
BALATAN,CAMARINES SUR,29,597
BUHI,CAMARINES SUR,29,598
BULA,CAMARINES SUR,29,599
CABUSAO,CAMARINES SUR,29,600
CALABANGA,CAMARINES SUR,29,601
CAMALIGAN,CAMARINES SUR,29,602
CARAMOAN,CAMARINES SUR,29,603
DEL GALLEGO,CAMARINES SUR,29,604
GARCHITORENA,CAMARINES SUR,29,605
LAGONOY,CAMARINES SUR,29,606
LIBMANAN,CAMARINES SUR,29,607
LUPI,CAMARINES SUR,29,608
MAGARAO,CAMARINES SUR,29,609
BOMBON,CAMARINES SUR,29,610
MILAOR,CAMARINES SUR,29,611
GAINZA,CAMARINES SUR,29,612
MINALABAC,CAMARINES SUR,29,613
NABUA,CAMARINES SUR,29,614
OCAMPO,CAMARINES SUR,29,615
PAMPLONA,CAMARINES SUR,29,616
PASACAO,CAMARINES SUR,29,617
RAGAY,CAMARINES SUR,29,618
SAGÑAY,CAMARINES SUR,29,619
SAN FERNANDO,CAMARINES SUR,29,620
SAN JOSE,CAMARINES SUR,29,621
SIRUMA,CAMARINES SUR,29,622
SIPOCOT,CAMARINES SUR,29,623
TIGAON,CAMARINES SUR,29,624
TINAMBAC,CAMARINES SUR,29,625
BAGAMANOC,CATANDUANES,30,626
BARAS,CATANDUANES,30,627
BATO,CATANDUANES,30,628
CARAMORAN,CATANDUANES,30,629
GIGMOTO,CATANDUANES,30,630
PANDAN,CATANDUANES,30,631
PANGANIBAN (PAYO),CATANDUANES,30,632
SAN ANDRES (CALOLBON),CATANDUANES,30,633
SAN MIGUEL,CATANDUANES,30,634
VIGA,CATANDUANES,30,635
VIRAC (Capital),CATANDUANES,30,636
AROROY,MASBATE,31,637
SAN PASCUAL,MASBATE,31,638
CLAVERIA,MASBATE,31,639
CATAINGAN,MASBATE,31,640
BALENO,MASBATE,31,641
BALUD,MASBATE,31,642
BATUAN,MASBATE,31,643
CAWAYAN,MASBATE,31,644
DIMASALANG,MASBATE,31,645
ESPERANZA,MASBATE,31,646
MANDAON,MASBATE,31,647
MILAGROS,MASBATE,31,648
MOBO,MASBATE,31,649
MONREAL,MASBATE,31,650
PALANAS,MASBATE,31,651
PIO V. CORPUZ (LIMBUHAN),MASBATE,31,652
PLACER,MASBATE,31,653
SAN FERNANDO,MASBATE,31,654
SAN JACINTO,MASBATE,31,655
USON,MASBATE,31,656
BARCELONA,SORSOGON,32,657
PILAR,SORSOGON,32,658
IROSIN,SORSOGON,32,659
BULAN,SORSOGON,32,660
BULUSAN,SORSOGON,32,661
CASIGURAN,SORSOGON,32,662
CASTILLA,SORSOGON,32,663
DONSOL,SORSOGON,32,664
GUBAT,SORSOGON,32,665
JUBAN,SORSOGON,32,666
MAGALLANES,SORSOGON,32,667
MATNOG,SORSOGON,32,668
PRIETO DIAZ,SORSOGON,32,669
SANTA MAGDALENA,SORSOGON,32,670
IRIGA CITY,CAMARINES SUR,29,671
LEGAZPI CITY  (Capital),ALBAY,27,672
NAGA CITY,CAMARINES SUR,29,673
CITY OF SORSOGON (Capital),SORSOGON,32,674
CITY OF TABACO,ALBAY,27,675
CITY OF LIGAO,ALBAY,27,676
CITY OF MASBATE (Capital),MASBATE,31,677
ALTAVAS,AKLAN,33,678
BALETE,AKLAN,33,679
BANGA,AKLAN,33,680
BATAN,AKLAN,33,681
BURUANGA,AKLAN,33,682
IBAJAY,AKLAN,33,683
KALIBO (Capital),AKLAN,33,684
LEZO,AKLAN,33,685
LIBACAO,AKLAN,33,686
MADALAG,AKLAN,33,687
MAKATO,AKLAN,33,688
MALAY,AKLAN,33,689
MALINAO,AKLAN,33,690
NABAS,AKLAN,33,691
NEW WASHINGTON,AKLAN,33,692
NUMANCIA,AKLAN,33,693
TANGALAN,AKLAN,33,694
ANINI-Y,ANTIQUE,34,695
BARBAZA,ANTIQUE,34,696
BELISON,ANTIQUE,34,697
BUGASONG,ANTIQUE,34,698
CALUYA,ANTIQUE,34,699
CULASI,ANTIQUE,34,700
HAMTIC,ANTIQUE,34,701
LAUA-AN,ANTIQUE,34,702
LIBERTAD,ANTIQUE,34,703
PANDAN,ANTIQUE,34,704
PATNONGON,ANTIQUE,34,705
SAN JOSE (Capital),ANTIQUE,34,706
SAN REMIGIO,ANTIQUE,34,707
SEBASTE,ANTIQUE,34,708
SIBALOM,ANTIQUE,34,709
TIBIAO,ANTIQUE,34,710
TOBIAS FORNIER (DAO),ANTIQUE,34,711
VALDERRAMA,ANTIQUE,34,712
CUARTERO,CAPIZ,35,713
DUMARAO,CAPIZ,35,714
MAMBUSAO,CAPIZ,35,715
PRESIDENT ROXAS,CAPIZ,35,716
DAO,CAPIZ,35,717
DUMALAG,CAPIZ,35,718
PONTEVEDRA,CAPIZ,35,719
TAPAZ,CAPIZ,35,720
PANAY,CAPIZ,35,721
PANITAN,CAPIZ,35,722
IVISAN,CAPIZ,35,723
JAMINDAN,CAPIZ,35,724
MA-AYON,CAPIZ,35,725
ROXAS CITY (Capital),CAPIZ,35,726
PILAR,CAPIZ,35,727
SAPI-AN,CAPIZ,35,728
SIGMA,CAPIZ,35,729
BUENAVISTA,GUIMARAS,36,730
NUEVA VALENCIA,GUIMARAS,36,731
SAN LORENZO,GUIMARAS,36,732
JORDAN (Capital),GUIMARAS,36,733
SIBUNAG,GUIMARAS,36,734
SAN RAFAEL,ILOILO,37,735
SARA,ILOILO,37,736
SANTA BARBARA,ILOILO,37,737
TIGBAUAN,ILOILO,37,738
TUBUNGAN,ILOILO,37,739
ZARRAGA,ILOILO,37,740
ALIMODIAN,ILOILO,37,741
SAN JOAQUIN,ILOILO,37,742
AJUY,ILOILO,37,743
ANILAO,ILOILO,37,744
BADIANGAN,ILOILO,37,745
BALASAN,ILOILO,37,746
BANATE,ILOILO,37,747
BAROTAC NUEVO,ILOILO,37,748
BAROTAC VIEJO,ILOILO,37,749
BATAD,ILOILO,37,750
BINGAWAN,ILOILO,37,751
CABATUAN,ILOILO,37,752
CALINOG,ILOILO,37,753
CARLES,ILOILO,37,754
CONCEPCION,ILOILO,37,755
DINGLE,ILOILO,37,756
DUEÑAS,ILOILO,37,757
DUMANGAS,ILOILO,37,758
ESTANCIA,ILOILO,37,759
GUIMBAL,ILOILO,37,760
IGBARAS,ILOILO,37,761
JANIUAY,ILOILO,37,762
LAMBUNAO,ILOILO,37,763
LEGANES,ILOILO,37,764
ILOILO CITY (Capital),ILOILO,37,765
LEMERY,ILOILO,37,766
LEON,ILOILO,37,767
MAASIN,ILOILO,37,768
MIAGAO,ILOILO,37,769
MINA,ILOILO,37,770
NEW LUCENA,ILOILO,37,771
OTON,ILOILO,37,772
PAVIA,ILOILO,37,773
POTOTAN,ILOILO,37,774
SAN DIONISIO,ILOILO,37,775
SAN ENRIQUE,ILOILO,37,776
SAN MIGUEL,ILOILO,37,777
BINALBAGAN,NEGROS OCCIDENTAL,38,778
CALATRAVA,NEGROS OCCIDENTAL,38,779
CANDONI,NEGROS OCCIDENTAL,38,780
CAUAYAN,NEGROS OCCIDENTAL,38,781
ENRIQUE B. MAGALONA (SARAVIA),NEGROS OCCIDENTAL,38,782
HINIGARAN,NEGROS OCCIDENTAL,38,783
HINOBA-AN (ASIA),NEGROS OCCIDENTAL,38,784
ILOG,NEGROS OCCIDENTAL,38,785
ISABELA,NEGROS OCCIDENTAL,38,786
LA CASTELLANA,NEGROS OCCIDENTAL,38,787
MANAPLA,NEGROS OCCIDENTAL,38,788
MOISES PADILLA (MAGALLON),NEGROS OCCIDENTAL,38,789
MURCIA,NEGROS OCCIDENTAL,38,790
BACOLOD CITY (Capital),NEGROS OCCIDENTAL,38,791
PONTEVEDRA,NEGROS OCCIDENTAL,38,792
PULUPANDAN,NEGROS OCCIDENTAL,38,793
SALVADOR BENEDICTO,NEGROS OCCIDENTAL,38,794
SAN ENRIQUE,NEGROS OCCIDENTAL,38,795
CITY OF TALISAY,NEGROS OCCIDENTAL,38,796
TOBOSO,NEGROS OCCIDENTAL,38,797
VALLADOLID,NEGROS OCCIDENTAL,38,798
BAGO CITY,NEGROS OCCIDENTAL,38,799
CADIZ CITY,NEGROS OCCIDENTAL,38,800
LA CARLOTA CITY,NEGROS OCCIDENTAL,38,801
SAGAY CITY,NEGROS OCCIDENTAL,38,802
SAN CARLOS CITY,NEGROS OCCIDENTAL,38,803
SILAY CITY,NEGROS OCCIDENTAL,38,804
CITY OF KABANKALAN,NEGROS OCCIDENTAL,38,805
CITY OF PASSI,ILOILO,37,806
CITY OF ESCALANTE,NEGROS OCCIDENTAL,38,807
CITY OF HIMAMAYLAN,NEGROS OCCIDENTAL,38,808
CITY OF SIPALAY,NEGROS OCCIDENTAL,38,809
CITY OF VICTORIAS,NEGROS OCCIDENTAL,38,810
ALBURQUERQUE,BOHOL,39,811
ALICIA,BOHOL,39,812
ANDA,BOHOL,39,813
ANTEQUERA,BOHOL,39,814
BACLAYON,BOHOL,39,815
BALILIHAN,BOHOL,39,816
BATUAN,BOHOL,39,817
BIEN UNIDO,BOHOL,39,818
BILAR,BOHOL,39,819
BUENAVISTA,BOHOL,39,820
CALAPE,BOHOL,39,821
CANDIJAY,BOHOL,39,822
CARMEN,BOHOL,39,823
CATIGBIAN,BOHOL,39,824
CLARIN,BOHOL,39,825
CORELLA,BOHOL,39,826
CORTES,BOHOL,39,827
DAGOHOY,BOHOL,39,828
DANAO,BOHOL,39,829
DAUIS,BOHOL,39,830
DIMIAO,BOHOL,39,831
DUERO,BOHOL,39,832
GARCIA HERNANDEZ,BOHOL,39,833
GETAFE,BOHOL,39,834
GUINDULMAN,BOHOL,39,835
INABANGA,BOHOL,39,836
JAGNA,BOHOL,39,837
LILA,BOHOL,39,838
LOAY,BOHOL,39,839
LOBOC,BOHOL,39,840
LOON,BOHOL,39,841
MABINI,BOHOL,39,842
MARIBOJOC,BOHOL,39,843
PANGLAO,BOHOL,39,844
PILAR,BOHOL,39,845
PRES. CARLOS P. GARCIA (PITOGO),BOHOL,39,846
SAGBAYAN (BORJA),BOHOL,39,847
SAN ISIDRO,BOHOL,39,848
SAN MIGUEL,BOHOL,39,849
SEVILLA,BOHOL,39,850
SIERRA BULLONES,BOHOL,39,851
SIKATUNA,BOHOL,39,852
TALIBON,BOHOL,39,853
TRINIDAD,BOHOL,39,854
TUBIGON,BOHOL,39,855
UBAY,BOHOL,39,856
VALENCIA,BOHOL,39,857
ALCANTARA,CEBU,40,858
MINGLANILLA,CEBU,40,859
BANTAYAN,CEBU,40,860
SAMBOAN,CEBU,40,861
PINAMUNGAHAN,CEBU,40,862
CONSOLACION,CEBU,40,863
SANTANDER,CEBU,40,864
DALAGUETE,CEBU,40,865
LILOAN,CEBU,40,866
BALAMBAN,CEBU,40,867
ALCOY,CEBU,40,868
ALEGRIA,CEBU,40,869
ALOGUINSAN,CEBU,40,870
ARGAO,CEBU,40,871
ASTURIAS,CEBU,40,872
BADIAN,CEBU,40,873
BARILI,CEBU,40,874
BOLJOON,CEBU,40,875
BORBON,CEBU,40,876
CARMEN,CEBU,40,877
CATMON,CEBU,40,878
COMPOSTELA,CEBU,40,879
CORDOVA,CEBU,40,880
DAANBANTAYAN,CEBU,40,881
DUMANJUG,CEBU,40,882
GINATILAN,CEBU,40,883
MADRIDEJOS,CEBU,40,884
MALABUYOC,CEBU,40,885
MEDELLIN,CEBU,40,886
MOALBOAL,CEBU,40,887
OSLOB,CEBU,40,888
PILAR,CEBU,40,889
PORO,CEBU,40,890
RONDA,CEBU,40,891
SAN FERNANDO,CEBU,40,892
SAN FRANCISCO,CEBU,40,893
SAN REMIGIO,CEBU,40,894
SANTA FE,CEBU,40,895
SIBONGA,CEBU,40,896
SOGOD,CEBU,40,897
TABOGON,CEBU,40,898
TABUELAN,CEBU,40,899
TUBURAN,CEBU,40,900
TUDELA,CEBU,40,901
CEBU CITY (Capital),CEBU,40,902
DUMAGUETE CITY (Capital),NEGROS ORIENTAL,41,903
LAPU-LAPU CITY (OPON),CEBU,40,904
MANDAUE CITY,CEBU,40,905
AMLAN (AYUQUITAN),NEGROS ORIENTAL,41,906
AYUNGON,NEGROS ORIENTAL,41,907
BACONG,NEGROS ORIENTAL,41,908
BINDOY (PAYABON),NEGROS ORIENTAL,41,909
DAUIN,NEGROS ORIENTAL,41,910
JIMALALUD,NEGROS ORIENTAL,41,911
LA LIBERTAD,NEGROS ORIENTAL,41,912
MABINAY,NEGROS ORIENTAL,41,913
MANJUYOD,NEGROS ORIENTAL,41,914
SAN JOSE,NEGROS ORIENTAL,41,915
SIATON,NEGROS ORIENTAL,41,916
SIBULAN,NEGROS ORIENTAL,41,917
SANTA CATALINA,NEGROS ORIENTAL,41,918
TAYASAN,NEGROS ORIENTAL,41,919
VALENCIA (LUZURRIAGA),NEGROS ORIENTAL,41,920
ZAMBOANGUITA,NEGROS ORIENTAL,41,921
LARENA,SIQUIJOR,42,922
ENRIQUE VILLANUEVA,SIQUIJOR,42,923
LAZI,SIQUIJOR,42,924
MARIA,SIQUIJOR,42,925
SIQUIJOR (Capital),SIQUIJOR,42,926
SAN JUAN,SIQUIJOR,42,927
TOLEDO CITY,CEBU,40,928
CITY OF BAYAWAN (TULONG),NEGROS ORIENTAL,41,929
BASAY,NEGROS ORIENTAL,41,930
DANAO CITY,CEBU,40,931
TAGBILARAN CITY (Capital),BOHOL,39,932
CITY OF TALISAY,CEBU,40,933
CITY OF TANJAY,NEGROS ORIENTAL,41,934
PAMPLONA,NEGROS ORIENTAL,41,935
BAIS CITY,NEGROS ORIENTAL,41,936
CITY OF GUIHULNGAN,NEGROS ORIENTAL,41,937
VALLEHERMOSO,NEGROS ORIENTAL,41,938
CITY OF CARCAR,CEBU,40,939
CITY OF BOGO,CEBU,40,940
CITY OF NAGA,CEBU,40,941
CANLAON CITY,NEGROS ORIENTAL,41,942
ALMERIA,BILIRAN,43,943
BILIRAN,BILIRAN,43,944
CABUCGAYAN,BILIRAN,43,945
CAIBIRAN,BILIRAN,43,946
CULABA,BILIRAN,43,947
KAWAYAN,BILIRAN,43,948
MARIPIPI,BILIRAN,43,949
NAVAL (Capital),BILIRAN,43,950
ABUYOG,LEYTE,44,951
BARAUEN,LEYTE,44,952
ALANGALANG,LEYTE,44,953
ALBUERA,LEYTE,44,954
BABATNGON,LEYTE,44,955
BARUGO,LEYTE,44,956
BATO,LEYTE,44,957
CALUBIAN,LEYTE,44,958
CAPOOCAN,LEYTE,44,959
CARIGARA,LEYTE,44,960
DAGAMI,LEYTE,44,961
DULAG,LEYTE,44,962
HILONGOS,LEYTE,44,963
HINDANG,LEYTE,44,964
INOPACAN,LEYTE,44,965
ISABEL,LEYTE,44,966
JARO,LEYTE,44,967
JAVIER (BUGHO),LEYTE,44,968
JULITA,LEYTE,44,969
KANANGA,LEYTE,44,970
LA PAZ,LEYTE,44,971
LEYTE,LEYTE,44,972
MACARTHUR,LEYTE,44,973
MAHAPLAG,LEYTE,44,974
MATAG-OB,LEYTE,44,975
MATALOM,LEYTE,44,976
MAYORGA,LEYTE,44,977
MERIDA,LEYTE,44,978
PALO,LEYTE,44,979
PALOMPON,LEYTE,44,980
PASTRANA,LEYTE,44,981
SAN ISIDRO,LEYTE,44,982
SAN MIGUEL,LEYTE,44,983
SANTA FE,LEYTE,44,984
TABANGO,LEYTE,44,985
TABONTABON,LEYTE,44,986
TANAUAN,LEYTE,44,987
TOLOSA,LEYTE,44,988
TUNGA,LEYTE,44,989
VILLABA,LEYTE,44,990
BONTOC,SOUTHERN LEYTE,45,991
MALITBOG,SOUTHERN LEYTE,45,992
HINUNANGAN,SOUTHERN LEYTE,45,993
TOMAS OPPUS,SOUTHERN LEYTE,45,994
SILAGO,SOUTHERN LEYTE,45,995
HINUNDAYAN,SOUTHERN LEYTE,45,996
LIBAGON,SOUTHERN LEYTE,45,997
LILOAN,SOUTHERN LEYTE,45,998
MACROHON,SOUTHERN LEYTE,45,999
PADRE BURGOS,SOUTHERN LEYTE,45,1000
PINTUYAN,SOUTHERN LEYTE,45,1001
SAN JUAN (CABALIAN),SOUTHERN LEYTE,45,1002
SOGOD,SOUTHERN LEYTE,45,1003
SAINT BERNARD,SOUTHERN LEYTE,45,1004
SAN FRANCISCO,SOUTHERN LEYTE,45,1005
LIMASAWA,SOUTHERN LEYTE,45,1006
SAN RICARDO,SOUTHERN LEYTE,45,1007
ANAHAWAN,SOUTHERN LEYTE,45,1008
ARTECHE,EASTERN SAMAR,46,1009
BALANGIGA,EASTERN SAMAR,46,1010
CAN-AVID,EASTERN SAMAR,46,1011
DOLORES,EASTERN SAMAR,46,1012
GENERAL MACARTHUR,EASTERN SAMAR,46,1013
GIPORLOS,EASTERN SAMAR,46,1014
GUIUAN,EASTERN SAMAR,46,1015
JIPAPAD,EASTERN SAMAR,46,1016
LLORENTE,EASTERN SAMAR,46,1017
MAYDOLONG,EASTERN SAMAR,46,1018
ORAS,EASTERN SAMAR,46,1019
QUINAPONDAN,EASTERN SAMAR,46,1020
SALCEDO,EASTERN SAMAR,46,1021
SAN JULIAN,EASTERN SAMAR,46,1022
SAN POLICARPO,EASTERN SAMAR,46,1023
SULAT,EASTERN SAMAR,46,1024
TAFT,EASTERN SAMAR,46,1025
LAWAAN,EASTERN SAMAR,46,1026
HERNANI,EASTERN SAMAR,46,1027
BALANGKAYAN,EASTERN SAMAR,46,1028
MERCEDES,EASTERN SAMAR,46,1029
MASLOG,EASTERN SAMAR,46,1030
LAVEZARES,NORTHERN SAMAR,47,1031
CATARMAN (Capital),NORTHERN SAMAR,47,1032
LOPE DE VEGA,NORTHERN SAMAR,47,1033
MAPANAS,NORTHERN SAMAR,47,1034
MONDRAGON,NORTHERN SAMAR,47,1035
PALAPAG,NORTHERN SAMAR,47,1036
PAMBUJAN,NORTHERN SAMAR,47,1037
ROSARIO,NORTHERN SAMAR,47,1038
SAN ANTONIO,NORTHERN SAMAR,47,1039
SAN ISIDRO,NORTHERN SAMAR,47,1040
SAN JOSE,NORTHERN SAMAR,47,1041
SAN ROQUE,NORTHERN SAMAR,47,1042
SAN VICENTE,NORTHERN SAMAR,47,1043
SILVINO LOBOS,NORTHERN SAMAR,47,1044
VICTORIA,NORTHERN SAMAR,47,1045
ALLEN,NORTHERN SAMAR,47,1046
BIRI,NORTHERN SAMAR,47,1047
BOBON,NORTHERN SAMAR,47,1048
CAPUL,NORTHERN SAMAR,47,1049
CATUBIG,NORTHERN SAMAR,47,1050
GAMAY,NORTHERN SAMAR,47,1051
LAPINIG,NORTHERN SAMAR,47,1052
LAOANG,NORTHERN SAMAR,47,1053
LAS NAVAS,NORTHERN SAMAR,47,1054
ALMAGRO,WESTERN SAMAR,48,1055
BASEY,WESTERN SAMAR,48,1056
CALBIGA,WESTERN SAMAR,48,1057
DARAM,WESTERN SAMAR,48,1058
GANDARA,WESTERN SAMAR,48,1059
MATUGUINAO,WESTERN SAMAR,48,1060
HINABANGAN,WESTERN SAMAR,48,1061
JIABONG,WESTERN SAMAR,48,1062
MARABUT,WESTERN SAMAR,48,1063
MOTIONG,WESTERN SAMAR,48,1064
PAGSANGHAN,WESTERN SAMAR,48,1065
PINABACDAO,WESTERN SAMAR,48,1066
SAN JORGE,WESTERN SAMAR,48,1067
SAN SEBASTIAN,WESTERN SAMAR,48,1068
SANTA MARGARITA,WESTERN SAMAR,48,1069
SANTA RITA,WESTERN SAMAR,48,1070
SANTO NIÑO,WESTERN SAMAR,48,1071
TAGAPUL-AN,WESTERN SAMAR,48,1072
TARANGNAN,WESTERN SAMAR,48,1073
VILLAREAL,WESTERN SAMAR,48,1074
PARANAS (WRIGHT),WESTERN SAMAR,48,1075
SAN JOSE DE BUAN,WESTERN SAMAR,48,1076
ZUMARRAGA,WESTERN SAMAR,48,1077
TALALORA,WESTERN SAMAR,48,1078
CALBAYOG CITY,WESTERN SAMAR,48,1079
ORMOC CITY,LEYTE,44,1080
TACLOBAN CITY (Capital),LEYTE,44,1081
CITY OF MAASIN (Capital),SOUTHERN LEYTE,45,1082
CITY OF CATBALOGAN (Capital),WESTERN SAMAR,48,1083
CITY OF BORONGAN (Capital),EASTERN SAMAR,46,1084
CITY OF BAYBAY,LEYTE,44,1085
BALIGUIAN,ZAMBOANGA DEL NORTE,49,1086
GODOD,ZAMBOANGA DEL NORTE,49,1087
GUTALAC,ZAMBOANGA DEL NORTE,49,1088
JOSE DALMAN (PONOT),ZAMBOANGA DEL NORTE,49,1089
KALAWIT,ZAMBOANGA DEL NORTE,49,1090
KATIPUNAN,ZAMBOANGA DEL NORTE,49,1091
LA LIBERTAD,ZAMBOANGA DEL NORTE,49,1092
LABASON,ZAMBOANGA DEL NORTE,49,1093
BACUNGAN (LEON T. POSTIGO),ZAMBOANGA DEL NORTE,49,1094
LILOY,ZAMBOANGA DEL NORTE,49,1095
PRES. MANUEL A. ROXAS,ZAMBOANGA DEL NORTE,49,1096
MANUKAN,ZAMBOANGA DEL NORTE,49,1097
MUTIA,ZAMBOANGA DEL NORTE,49,1098
PIÑAN (NEW PIÑAN),ZAMBOANGA DEL NORTE,49,1099
POLANCO,ZAMBOANGA DEL NORTE,49,1100
RIZAL,ZAMBOANGA DEL NORTE,49,1101
SALUG,ZAMBOANGA DEL NORTE,49,1102
SERGIO OSMEÑA SR.,ZAMBOANGA DEL NORTE,49,1103
SIAYAN,ZAMBOANGA DEL NORTE,49,1104
SIBUCO,ZAMBOANGA DEL NORTE,49,1105
SIBUTAD,ZAMBOANGA DEL NORTE,49,1106
SINDANGAN,ZAMBOANGA DEL NORTE,49,1107
SIOCON,ZAMBOANGA DEL NORTE,49,1108
SIRAWAI,ZAMBOANGA DEL NORTE,49,1109
TAMPILISAN,ZAMBOANGA DEL NORTE,49,1110
AURORA,ZAMBOANGA DEL SUR,50,1111
SAN MIGUEL,ZAMBOANGA DEL SUR,50,1112
BAYOG,ZAMBOANGA DEL SUR,50,1113
DIMATALING,ZAMBOANGA DEL SUR,50,1114
DINAS,ZAMBOANGA DEL SUR,50,1115
DUMALINAO,ZAMBOANGA DEL SUR,50,1116
DUMINGAG,ZAMBOANGA DEL SUR,50,1117
GUIPOS,ZAMBOANGA DEL SUR,50,1118
JOSEFINA,ZAMBOANGA DEL SUR,50,1119
KUMALARANG,ZAMBOANGA DEL SUR,50,1120
LABANGAN,ZAMBOANGA DEL SUR,50,1121
LAKEWOOD,ZAMBOANGA DEL SUR,50,1122
LAPUYAN,ZAMBOANGA DEL SUR,50,1123
MAHAYAG,ZAMBOANGA DEL SUR,50,1124
MARGOSATUBIG,ZAMBOANGA DEL SUR,50,1125
MIDSALIP,ZAMBOANGA DEL SUR,50,1126
MOLAVE,ZAMBOANGA DEL SUR,50,1127
PITOGO,ZAMBOANGA DEL SUR,50,1128
RAMON MAGSAYSAY (LIARGO),ZAMBOANGA DEL SUR,50,1129
SAN PABLO,ZAMBOANGA DEL SUR,50,1130
SOMINOT (DON MARIANO MARCOS),ZAMBOANGA DEL SUR,50,1131
TABINA,ZAMBOANGA DEL SUR,50,1132
TAMBULIG,ZAMBOANGA DEL SUR,50,1133
TIGBAO,ZAMBOANGA DEL SUR,50,1134
TUKURAN,ZAMBOANGA DEL SUR,50,1135
VINCENZO A. SAGUN,ZAMBOANGA DEL SUR,50,1136
ALICIA,ZAMBOANGA SIBUGAY,51,1137
BUUG,ZAMBOANGA SIBUGAY,51,1138
DIPLAHAN,ZAMBOANGA SIBUGAY,51,1139
IMELDA,ZAMBOANGA SIBUGAY,51,1140
IPIL,ZAMBOANGA SIBUGAY,51,1141
KABASALAN,ZAMBOANGA SIBUGAY,51,1142
MABUHAY,ZAMBOANGA SIBUGAY,51,1143
MALANGAS,ZAMBOANGA SIBUGAY,51,1144
NAGA,ZAMBOANGA SIBUGAY,51,1145
OLUTANGA,ZAMBOANGA SIBUGAY,51,1146
PAYAO,ZAMBOANGA SIBUGAY,51,1147
ROSELLER LIM,ZAMBOANGA SIBUGAY,51,1148
SIAY,ZAMBOANGA SIBUGAY,51,1149
TALUSAN,ZAMBOANGA SIBUGAY,51,1150
TITAY,ZAMBOANGA SIBUGAY,51,1151
TUNGAWAN,ZAMBOANGA SIBUGAY,51,1152
DAPITAN CITY,ZAMBOANGA DEL NORTE,49,1153
DIPOLOG CITY (Capital),ZAMBOANGA DEL NORTE,49,1154
CITY OF ISABELA (Capital),CITY OF ISABELA,52,1155
PAGADIAN CITY (Capital),ZAMBOANGA DEL SUR,50,1156
ZAMBOANGA CITY,ZAMBOANGA DEL SUR,50,1157
CITY MALAYBALAY (Capital),BUKIDNON,53,1158
BAUNGON,BUKIDNON,53,1159
TALAKAG,BUKIDNON,53,1160
MANOLO FORTICH,BUKIDNON,53,1161
QUEZON,BUKIDNON,53,1162
DON CARLOS,BUKIDNON,53,1163
MARAMAG,BUKIDNON,53,1164
PANGANTUCAN,BUKIDNON,53,1165
SAN FERNANDO,BUKIDNON,53,1166
CABANGLASAN,BUKIDNON,53,1167
DAMULOG,BUKIDNON,53,1168
DANGCAGAN,BUKIDNON,53,1169
IMPASUG-ONG,BUKIDNON,53,1170
KADINGILAN,BUKIDNON,53,1171
KALILANGAN,BUKIDNON,53,1172
KIBAWE,BUKIDNON,53,1173
KITAOTAO,BUKIDNON,53,1174
ANTAPAN,BUKIDNON,53,1175
LIBONA,BUKIDNON,53,1176
MALITBOG,BUKIDNON,53,1177
SUMILAO,BUKIDNON,53,1178
CATARMAN,CAMIGUIN,54,1179
GUINSILIBAN,CAMIGUIN,54,1180
SAGAY,CAMIGUIN,54,1181
MAMBAJAO (Capital),CAMIGUIN,54,1182
MAHINOG,CAMIGUIN,54,1183
BACOLOD,LANAO DEL NORTE,55,1184
BALOI,LANAO DEL NORTE,55,1185
LALA,LANAO DEL NORTE,55,1186
BAROY,LANAO DEL NORTE,55,1187
KAPATAGAN,LANAO DEL NORTE,55,1188
KAUSWAGAN,LANAO DEL NORTE,55,1189
KOLAMBUGAN,LANAO DEL NORTE,55,1190
LINAMON,LANAO DEL NORTE,55,1191
SAPAD,LANAO DEL NORTE,55,1192
TUBOD (Capital),LANAO DEL NORTE,55,1193
SULTAN NAGA DIMAPORO (KAROMATAN),LANAO DEL NORTE,55,1194
MAIGO,LANAO DEL NORTE,55,1195
MAGSAYSAY,LANAO DEL NORTE,55,1196
MATUNGAO,LANAO DEL NORTE,55,1197
PANTAO RAGAT,LANAO DEL NORTE,55,1198
PANTAR,LANAO DEL NORTE,55,1199
SALVADOR,LANAO DEL NORTE,55,1200
NUNUNGAN,LANAO DEL NORTE,55,1201
TAGOLOAN,LANAO DEL NORTE,55,1202
TANGCAL,LANAO DEL NORTE,55,1203
MUNAI,LANAO DEL NORTE,55,1204
POONA PIAGAPO,LANAO DEL NORTE,55,1205
ALORAN,MISAMIS OCCIDENTAL,56,1206
PLARIDEL,MISAMIS OCCIDENTAL,56,1207
BALIANGAO,MISAMIS OCCIDENTAL,56,1208
BONIFACIO,MISAMIS OCCIDENTAL,56,1209
TUDELA,MISAMIS OCCIDENTAL,56,1210
CALAMBA,MISAMIS OCCIDENTAL,56,1211
CLARIN,MISAMIS OCCIDENTAL,56,1212
CONCEPCION,MISAMIS OCCIDENTAL,56,1213
DON VICTORIANO CHIONGBIAN,MISAMIS OCCIDENTAL,56,1214
JIMENEZ,MISAMIS OCCIDENTAL,56,1215
LOPEZ JAENA,MISAMIS OCCIDENTAL,56,1216
PANAON,MISAMIS OCCIDENTAL,56,1217
SAPANG DALAGA,MISAMIS OCCIDENTAL,56,1218
SINACABAN,MISAMIS OCCIDENTAL,56,1219
ALUBIJID,MISAMIS ORIENTAL,57,1220
MAGSAYSAY (LINUGOS),MISAMIS ORIENTAL,57,1221
TAGOLOAN,MISAMIS ORIENTAL,57,1222
BALINGASAG,MISAMIS ORIENTAL,57,1223
CLAVERIA,MISAMIS ORIENTAL,57,1224
INITAO,MISAMIS ORIENTAL,57,1225
JASAAN,MISAMIS ORIENTAL,57,1226
KINOGUITAN,MISAMIS ORIENTAL,57,1227
BALINGOAN,MISAMIS ORIENTAL,57,1228
LAGONGLONG,MISAMIS ORIENTAL,57,1229
GITAGUM,MISAMIS ORIENTAL,57,1230
LIBERTAD,MISAMIS ORIENTAL,57,1231
MANTICAO,MISAMIS ORIENTAL,57,1232
MEDINA,MISAMIS ORIENTAL,57,1233
OPOL,MISAMIS ORIENTAL,57,1234
CAGAYAN DE ORO CITY (Capital),MISAMIS ORIENTAL,57,1235
SALAY,MISAMIS ORIENTAL,57,1236
TALISAYAN,MISAMIS ORIENTAL,57,1237
VILLANUEVA,MISAMIS ORIENTAL,57,1238
LAGUINDINGAN,MISAMIS ORIENTAL,57,1239
LUGAIT,MISAMIS ORIENTAL,57,1240
NAAWAN,MISAMIS ORIENTAL,57,1241
SUGBONGCOGON,MISAMIS ORIENTAL,57,1242
BINUANGAN,MISAMIS ORIENTAL,57,1243
GINGOOG CITY,MISAMIS ORIENTAL,57,1244
ILIGAN CITY,LANAO DEL NORTE,55,1245
OZAMIS CITY,MISAMIS OCCIDENTAL,56,1246
OROQUIETA CITY (Capital),MISAMIS OCCIDENTAL,56,1247
TANGUB CITY,MISAMIS OCCIDENTAL,56,1248
CITY OF VALENCIA,BUKIDNON,53,1249
CITY OF EL SALVADOR,MISAMIS ORIENTAL,57,1250
COMPOSTELA,COMPOSTELA VALLEY,58,1251
MONTEVISTA,COMPOSTELA VALLEY,58,1252
LAAK (SAN VICENTE),COMPOSTELA VALLEY,58,1253
MABINI (DOÑA ALICIA),COMPOSTELA VALLEY,58,1254
MACO,COMPOSTELA VALLEY,58,1255
MARAGUSAN (SAN MARIANO),COMPOSTELA VALLEY,58,1256
MAWAB,COMPOSTELA VALLEY,58,1257
MONKAYO,COMPOSTELA VALLEY,58,1258
NABUNTURAN (Capital),COMPOSTELA VALLEY,58,1259
NEW BATAAN,COMPOSTELA VALLEY,58,1260
PANTUKAN,COMPOSTELA VALLEY,58,1261
ASUNCION (SAUG),DAVAO DEL NORTE,59,1262
CITY OF TAGUM (Capital),DAVAO DEL NORTE,59,1263
KAPALONG,DAVAO DEL NORTE,59,1264
NEW CORELLA,DAVAO DEL NORTE,59,1265
SANTO TOMAS,DAVAO DEL NORTE,59,1266
BRAULIO E. DUJALI,DAVAO DEL NORTE,59,1267
CARMEN,DAVAO DEL NORTE,59,1268
TALAINGOD,DAVAO DEL NORTE,59,1269
SAN ISIDRO,DAVAO DEL NORTE,59,1270
BANSALAN,DAVAO DEL SUR,60,1271
MAGSAYSAY,DAVAO DEL SUR,60,1272
PADADA,DAVAO DEL SUR,60,1273
HAGONOY,DAVAO DEL SUR,60,1274
KIBLAWAN,DAVAO DEL SUR,60,1275
MALALAG,DAVAO DEL SUR,60,1276
MATANAO,DAVAO DEL SUR,60,1277
SANTA CRUZ,DAVAO DEL SUR,60,1278
SULOP,DAVAO DEL SUR,60,1279
BAGANGA,DAVAO ORIENTAL,61,1280
BANAYBANAY,DAVAO ORIENTAL,61,1281
BOSTON,DAVAO ORIENTAL,61,1282
CARAGA,DAVAO ORIENTAL,61,1283
CATEEL,DAVAO ORIENTAL,61,1284
GOVERNOR GENEROSO,DAVAO ORIENTAL,61,1285
LUPON,DAVAO ORIENTAL,61,1286
MANAY,DAVAO ORIENTAL,61,1287
SAN ISIDRO,DAVAO ORIENTAL,61,1288
TARRAGONA,DAVAO ORIENTAL,61,1289
DAVAO CITY,DAVAO DEL SUR,60,1290
CITY OF DIGOS (Capital),DAVAO DEL SUR,60,1291
CITY OF PANABO,DAVAO DEL NORTE,59,1292
ISLAND GARDEN CITY OF SAMAL,DAVAO DEL NORTE,59,1293
CITY OF MATI (Capital),DAVAO ORIENTAL,61,1294
DON MARCELINO,DAVAO OCCIDENTAL,62,1295
JOSE ABAD SANTOS (TRINIDAD),DAVAO OCCIDENTAL,62,1296
MALITA,DAVAO OCCIDENTAL,62,1297
SARANGANI,DAVAO OCCIDENTAL,62,1298
SANTA MARIA,DAVAO OCCIDENTAL,62,1299
ALAMADA,NORTH COTABATO,78,1300
ARAKAN,NORTH COTABATO,78,1301
KABACAN,NORTH COTABATO,78,1302
LIBUNGAN,NORTH COTABATO,78,1303
MAKILALA,NORTH COTABATO,78,1304
MIDSAYAP,NORTH COTABATO,78,1305
M'LANG,NORTH COTABATO,78,1306
PIKIT,NORTH COTABATO,78,1307
PRESIDENT ROXAS,NORTH COTABATO,78,1308
ANTIPAS,NORTH COTABATO,78,1309
PIGKAWAYAN,NORTH COTABATO,78,1310
BANISILAN,NORTH COTABATO,78,1311
TULUNAN,NORTH COTABATO,78,1312
MATALAM,NORTH COTABATO,78,1313
ALEOSAN,NORTH COTABATO,78,1314
CARMEN,NORTH COTABATO,78,1315
MAGPET,NORTH COTABATO,78,1316
ALABEL (Capital),SARANGANI,64,1317
MAASIM,SARANGANI,64,1318
GLAN,SARANGANI,64,1319
KIAMBA,SARANGANI,64,1320
MAITUM,SARANGANI,64,1321
MALAPATAN,SARANGANI,64,1322
MALUNGON,SARANGANI,64,1323
BANGA,SOUTH COTABATO,65,1324
TUPI,SOUTH COTABATO,65,1325
NORALA,SOUTH COTABATO,65,1326
T'BOLI,SOUTH COTABATO,65,1327
SURALLAH,SOUTH COTABATO,65,1328
POLOMOLOK,SOUTH COTABATO,65,1329
LAKE SEBU,SOUTH COTABATO,65,1330
SANTO NIÑO,SOUTH COTABATO,65,1331
TAMPAKAN,SOUTH COTABATO,65,1332
TANTANGAN,SOUTH COTABATO,65,1333
BAGUMBAYAN,SULTAN KUDARAT,66,1334
LEBAK,SULTAN KUDARAT,66,1335
ISULAN (Capital),SULTAN KUDARAT,66,1336
COLUMBIO,SULTAN KUDARAT,66,1337
ESPERANZA,SULTAN KUDARAT,66,1338
KALAMANSIG,SULTAN KUDARAT,66,1339
SEN. NINOY AQUINO,SULTAN KUDARAT,66,1340
LAMBAYONG (MARIANO MARCOS),SULTAN KUDARAT,66,1341
LUTAYAN,SULTAN KUDARAT,66,1342
PALIMBANG,SULTAN KUDARAT,66,1343
PRESIDENT QUIRINO,SULTAN KUDARAT,66,1344
GENERAL SANTOS CITY (DADIANGAS),SOUTH COTABATO,65,1345
CITY OF KIDAPAWAN (Capital),NORTH COTABATO,78,1346
CITY OF KORONADAL (Capital),SOUTH COTABATO,65,1347
CITY OF TACURONG,SULTAN KUDARAT,66,1348
CARMEN,AGUSAN DEL NORTE,67,1349
JABONGA,AGUSAN DEL NORTE,67,1350
KITCHARAO,AGUSAN DEL NORTE,67,1351
LAS NIEVES,AGUSAN DEL NORTE,67,1352
MAGALLANES,AGUSAN DEL NORTE,67,1353
NASIPIT,AGUSAN DEL NORTE,67,1354
BUENAVISTA,AGUSAN DEL NORTE,67,1355
REMEDIOS T. ROMUALDEZ,AGUSAN DEL NORTE,67,1356
SANTIAGO,AGUSAN DEL NORTE,67,1357
TUBAY,AGUSAN DEL NORTE,67,1358
BUNAWAN,AGUSAN DEL SUR,68,1359
TRENTO,AGUSAN DEL SUR,68,1360
SAN FRANCISCO,AGUSAN DEL SUR,68,1361
ESPERANZA,AGUSAN DEL SUR,68,1362
LORETO,AGUSAN DEL SUR,68,1363
LA PAZ,AGUSAN DEL SUR,68,1364
PROSPERIDAD (Capital),AGUSAN DEL SUR,68,1365
ROSARIO,AGUSAN DEL SUR,68,1366
SIBAGAT,AGUSAN DEL SUR,68,1367
VERUELA,AGUSAN DEL SUR,68,1368
SANTA JOSEFA,AGUSAN DEL SUR,68,1369
SAN LUIS,AGUSAN DEL SUR,68,1370
TALACOGON,AGUSAN DEL SUR,68,1371
BUTUAN CITY (Capital),AGUSAN DEL NORTE,67,1372
DAPA,SURIGAO DEL NORTE,69,1373
SOCORRO,SURIGAO DEL NORTE,69,1374
GENERAL LUNA,SURIGAO DEL NORTE,69,1375
DEL CARMEN,SURIGAO DEL NORTE,69,1376
PILAR,SURIGAO DEL NORTE,69,1377
SAN ISIDRO,SURIGAO DEL NORTE,69,1378
SANTA MONICA (SAPAO),SURIGAO DEL NORTE,69,1379
BURGOS,SURIGAO DEL NORTE,69,1380
SAN BENITO,SURIGAO DEL NORTE,69,1381
SURIGAO CITY (Capital),SURIGAO DEL NORTE,69,1382
ALEGRIA,SURIGAO DEL NORTE,69,1383
SAN FRANCISCO (ANAO-AON),SURIGAO DEL NORTE,69,1384
BACUAG,SURIGAO DEL NORTE,69,1385
CLAVER,SURIGAO DEL NORTE,69,1386
GIGAQUIT,SURIGAO DEL NORTE,69,1387
MAINIT,SURIGAO DEL NORTE,69,1388
MALIMONO,SURIGAO DEL NORTE,69,1389
PLACER,SURIGAO DEL NORTE,69,1390
SISON,SURIGAO DEL NORTE,69,1391
TAGANA-AN,SURIGAO DEL NORTE,69,1392
TUBOD,SURIGAO DEL NORTE,69,1393
BAROBO,SURIGAO DEL SUR,70,1394
CAGWAIT,SURIGAO DEL SUR,70,1395
MADRID,SURIGAO DEL SUR,70,1396
SAN AGUSTIN,SURIGAO DEL SUR,70,1397
TAGO,SURIGAO DEL SUR,70,1398
TAGBINA,SURIGAO DEL SUR,70,1399
BAYABAS,SURIGAO DEL SUR,70,1400
CANTILAN,SURIGAO DEL SUR,70,1401
CARMEN,SURIGAO DEL SUR,70,1402
CARRASCAL,SURIGAO DEL SUR,70,1403
CORTES,SURIGAO DEL SUR,70,1404
HINATUAN,SURIGAO DEL SUR,70,1405
LANUZA,SURIGAO DEL SUR,70,1406
LIANGA,SURIGAO DEL SUR,70,1407
LINGIG,SURIGAO DEL SUR,70,1408
MARIHATAG,SURIGAO DEL SUR,70,1409
SAN MIGUEL,SURIGAO DEL SUR,70,1410
CITY OF BISLIG,SURIGAO DEL SUR,70,1411
LIBJO (ALBOR),DINAGAT ISLANDS,71,1412
CAGDIANAO,DINAGAT ISLANDS,71,1413
DINAGAT,DINAGAT ISLANDS,71,1414
LORETO,DINAGAT ISLANDS,71,1415
BASILISA (RIZAL),DINAGAT ISLANDS,71,1416
SAN JOSE (Capital),DINAGAT ISLANDS,71,1417
TUBAJON,DINAGAT ISLANDS,71,1418
CITY OF BAYUGAN,AGUSAN DEL SUR,68,1419
CITY OF CABADBARAN,AGUSAN DEL NORTE,67,1420
CITY OF TANDAG (Capital),SURIGAO DEL SUR,70,1421
TALITAY,MAGUINDANAO,72,1422
BARIRA,MAGUINDANAO,72,1423
DATU ODIN SINSUAT (DINAIG),MAGUINDANAO,72,1424
PARANG,MAGUINDANAO,72,1425
BULDON,MAGUINDANAO,72,1426
KABUNTALAN (TUMBAO),MAGUINDANAO,72,1427
NORTHERN KABUNTALAN,MAGUINDANAO,72,1428
MATANOG,MAGUINDANAO,72,1429
SULTAN KUDARAT (NULING),MAGUINDANAO,72,1430
UPI,MAGUINDANAO,72,1431
SULTAN MASTURA,MAGUINDANAO,72,1432
DATU BLAH T. SINSUAT,MAGUINDANAO,72,1433
COTABATO CITY,CITY OF COTABATO,73,1434
LANTAWAN,BASILAN,74,1435
TABUAN-LASA,BASILAN,74,1436
TIPO-TIPO,BASILAN,74,1437
HADJI MUHTAMAD,BASILAN,74,1438
MALUSO,BASILAN,74,1439
TUBURAN,BASILAN,74,1440
HADJI MOHAMMAD AJUL,BASILAN,74,1441
SUMISIP,BASILAN,74,1442
AKBAR,BASILAN,74,1443
AL-BARKA,BASILAN,74,1444
UNGKAYA PUKAN,BASILAN,74,1445
LUMBA-BAYABAO (MAGUING),LANAO DEL SUR,75,1446
MAGUING,LANAO DEL SUR,75,1447
MASIU,LANAO DEL SUR,75,1448
MULONDO,LANAO DEL SUR,75,1449
POONA BAYABAO (GATA),LANAO DEL SUR,75,1450
TAMPARAN,LANAO DEL SUR,75,1451
WAO,LANAO DEL SUR,75,1452
BUMBARAN,LANAO DEL SUR,75,1453
BALINDONG (WATU),LANAO DEL SUR,75,1454
MARANTAO,LANAO DEL SUR,75,1455
TARAKA,LANAO DEL SUR,75,1456
BUBONG,LANAO DEL SUR,75,1457
BUADIPOSO-BUNTONG,LANAO DEL SUR,75,1458
DITSAAN-RAMAIN,LANAO DEL SUR,75,1459
KAPAI,LANAO DEL SUR,75,1460
TAGOLOAN II,LANAO DEL SUR,75,1461
PIAGAPO,LANAO DEL SUR,75,1462
SAGUIARAN,LANAO DEL SUR,75,1463
BALABAGAN,LANAO DEL SUR,75,1464
KAPATAGAN,LANAO DEL SUR,75,1465
MALABANG,LANAO DEL SUR,75,1466
GANASSI,LANAO DEL SUR,75,1467
MADALUM,LANAO DEL SUR,75,1468
MADAMBA,LANAO DEL SUR,75,1469
SULTAN GUMANDER (PICONG),LANAO DEL SUR,75,1470
CALANOGAS,LANAO DEL SUR,75,1471
PAGAYAWAN (TATARIKAN),LANAO DEL SUR,75,1472
BACOLOD-KALAWI (BACOLOD GRANDE),LANAO DEL SUR,75,1473
BAYANG,LANAO DEL SUR,75,1474
BINIDAYAN,LANAO DEL SUR,75,1475
BUTIG,LANAO DEL SUR,75,1476
LUMBATAN,LANAO DEL SUR,75,1477
LUMBAYANAGUE,LANAO DEL SUR,75,1478
MAROGONG,LANAO DEL SUR,75,1479
PUALAS,LANAO DEL SUR,75,1480
TUBARAN,LANAO DEL SUR,75,1481
TUGAYA,LANAO DEL SUR,75,1482
SULTAN DUMALONDONG,LANAO DEL SUR,75,1483
LUMBACA-UNAYAN,LANAO DEL SUR,75,1484
AMPATUAN,MAGUINDANAO,72,1485
PAGLAT,MAGUINDANAO,72,1486
DATU UNSAY,MAGUINDANAO,72,1487
DATU HOFFER AMPATUAN,MAGUINDANAO,72,1488
DATU PIANG,MAGUINDANAO,72,1489
BULUAN,MAGUINDANAO,72,1490
DATU PAGLAS,MAGUINDANAO,72,1491
SHARIFF AGUAK (MAGANOY) (Capital),MAGUINDANAO,72,1492
DATU MONTAWAL (PAGAGAWAN),MAGUINDANAO,72,1493
PAGALUNGAN,MAGUINDANAO,72,1494
GEN. S. K. PENDATUN,MAGUINDANAO,72,1495
MAMASAPANO,MAGUINDANAO,72,1496
SULTAN SA BARONGIS (LAMBAYONG),MAGUINDANAO,72,1497
TALAYAN,MAGUINDANAO,72,1498
SOUTH UPI,MAGUINDANAO,72,1499
DATU SAUDI-AMPATUAN,MAGUINDANAO,72,1500
GUINDULUNGAN,MAGUINDANAO,72,1501
DATU ABDULLAH SANGKI,MAGUINDANAO,72,1502
RAJAH BUAYAN,MAGUINDANAO,72,1503
DATU ANGGAL MIDTIMBANG,MAGUINDANAO,72,1504
MANGUDADATU,MAGUINDANAO,72,1505
PANDAG,MAGUINDANAO,72,1506
SHARIFF SAYDONA MUSTAPHA,MAGUINDANAO,72,1507
DATU SALIBO,MAGUINDANAO,72,1508
INDANAN,SULU,76,1509
JOLO (Capital),SULU,76,1510
PATIKUL,SULU,76,1511
TALIPAO,SULU,76,1512
LUUK,SULU,76,1513
HADJI PANGLIMA TAHIL (MARUNGGAS),SULU,76,1514
MAIMBUNG,SULU,76,1515
PANGUTARAN,SULU,76,1516
PARANG,SULU,76,1517
SIASI,SULU,76,1518
LUGUS,SULU,76,1519
KALINGALAN CALUANG,SULU,76,1520
OMAR,SULU,76,1521
PATA,SULU,76,1522
OLD PANAMAO,SULU,76,1523
PANGLIMA ESTINO (NEW PANAMAO),SULU,76,1524
PANDAMI,SULU,76,1525
TAPUL,SULU,76,1526
TONGKIL,SULU,76,1527
PANGLIMA SUGALA (BALIMBING) (Capital),TAWI-TAWI,77,1528
SAPA-SAPA,TAWI-TAWI,77,1529
SITANGKAI,TAWI-TAWI,77,1530
SIMUNUL,TAWI-TAWI,77,1531
SOUTH UBIAN,TAWI-TAWI,77,1532
BONGAO,TAWI-TAWI,77,1533
TURTLE ISLANDS,TAWI-TAWI,77,1534
TANDUBAS,TAWI-TAWI,77,1535
MAPUN (CAGAYAN DE TAWI-TAWI),TAWI-TAWI,77,1536
LANGUYAN,TAWI-TAWI,77,1537
SIBUTU,TAWI-TAWI,77,1538
MARAWI CITY,LANAO DEL SUR,75,1539
CITY OF LAMITAN,BASILAN,74,1540
BANGUED (Capital),ABRA,79,1541
DAGUIOMAN,ABRA,79,1542
BUCAY,ABRA,79,1543
LA PAZ,ABRA,79,1544
LACUB,ABRA,79,1545
LAGANGILANG,ABRA,79,1546
LUBA,ABRA,79,1547
MANABO,ABRA,79,1548
SAN JUAN,ABRA,79,1549
TAYUM,ABRA,79,1550
DOLORES,ABRA,79,1551
PEÑARRUBIA,ABRA,79,1552
PIDIGAN,ABRA,79,1553
PILAR,ABRA,79,1554
SALLAPADAN,ABRA,79,1555
LICUAN-BAAY (LICUAN),ABRA,79,1556
MALIBCONG,ABRA,79,1557
DANGLAS,ABRA,79,1558
TUBO,ABRA,79,1559
SAN ISIDRO,ABRA,79,1560
LANGIDEN,ABRA,79,1561
SAN QUINTIN,ABRA,79,1562
VILLAVICIOSA,ABRA,79,1563
BOLINEY,ABRA,79,1564
BUCLOC,ABRA,79,1565
LAGAYAN,ABRA,79,1566
TINEG,ABRA,79,1567
CALANASAN (BAYAG),APAYAO,80,1568
CONNER,APAYAO,80,1569
FLORA,APAYAO,80,1570
KABUGAO (Capital),APAYAO,80,1571
LUNA,APAYAO,80,1572
PUDTOL,APAYAO,80,1573
SANTA MARCELA,APAYAO,80,1574
ATOK,BENGUET,81,1575
BAKUN,BENGUET,81,1576
BOKOD,BENGUET,81,1577
BUGUIAS,BENGUET,81,1578
ITOGON,BENGUET,81,1579
KABAYAN,BENGUET,81,1580
KAPANGAN,BENGUET,81,1581
KIBUNGAN,BENGUET,81,1582
LA TRINIDAD (Capital),BENGUET,81,1583
MANKAYAN,BENGUET,81,1584
SABLAN,BENGUET,81,1585
TUBA,BENGUET,81,1586
TUBLAY,BENGUET,81,1587
AGUINALDO,IFUGAO,82,1588
KIANGAN,IFUGAO,82,1589
ALFONSO LISTA (POTIA),IFUGAO,82,1590
ASIPULO,IFUGAO,82,1591
BANAUE,IFUGAO,82,1592
HINGYON,IFUGAO,82,1593
HUNGDUAN,IFUGAO,82,1594
LAGAWE (Capital),IFUGAO,82,1595
LAMUT,IFUGAO,82,1596
MAYOYAO,IFUGAO,82,1597
TINOC,IFUGAO,82,1598
BALBALAN,KALINGA,83,1599
LUBUAGAN,KALINGA,83,1600
PASIL,KALINGA,83,1601
PINUKPUK,KALINGA,83,1602
RIZAL (LIWAN),KALINGA,83,1603
TANUDAN,KALINGA,83,1604
TINGLAYAN,KALINGA,83,1605
BARLIG,MOUNTAIN PROVINCE,84,1606
BAUKO,MOUNTAIN PROVINCE,84,1607
BESAO,MOUNTAIN PROVINCE,84,1608
BONTOC (Capital),MOUNTAIN PROVINCE,84,1609
NATONIN,MOUNTAIN PROVINCE,84,1610
PARACELIS,MOUNTAIN PROVINCE,84,1611
SABANGAN,MOUNTAIN PROVINCE,84,1612
SADANGA,MOUNTAIN PROVINCE,84,1613
SAGADA,MOUNTAIN PROVINCE,84,1614
TADIAN,MOUNTAIN PROVINCE,84,1615
BAGUIO CITY,BENGUET,81,1616
CITY OF TABUK (Capital),KALINGA,83,1617
CITY OF SAN JUAN,NCR   SECOND DISTRICT,85,1618
CITY OF NAVOTAS,NCR   THIRD DISTRICT,86,1619
TONDO,"MANILA, NCR,  FIRST DISTRICT ",87,1620
INTRAMUROS,"MANILA, NCR,  FIRST DISTRICT ",87,1621
SAMPALOC,"MANILA, NCR,  FIRST DISTRICT ",87,1622
ERMITA,"MANILA, NCR,  FIRST DISTRICT ",87,1623
SAN MIGUEL,"MANILA, NCR,  FIRST DISTRICT ",87,1624
SANTA ANA,"MANILA, NCR,  FIRST DISTRICT ",87,1625
QUIAPO,"MANILA, NCR,  FIRST DISTRICT ",87,1626
MALATE,"MANILA, NCR,  FIRST DISTRICT ",87,1627
SANTA CRUZ,"MANILA, NCR,  FIRST DISTRICT ",87,1628
SAN NICOLAS,"MANILA, NCR,  FIRST DISTRICT ",87,1629
BINONDO,"MANILA, NCR,  FIRST DISTRICT ",87,1630
PACO,"MANILA, NCR,  FIRST DISTRICT ",87,1631
PANDACAN,"MANILA, NCR,  FIRST DISTRICT ",87,1632
PORT AREA,"MANILA, NCR,  FIRST DISTRICT ",87,1633
QUEZON CITY,NCR   SECOND DISTRICT,85,1634
PASAY CITY,NCR   FOURTH DISTRICT,88,1635
CITY OF MAKATI,NCR   FOURTH DISTRICT,88,1636
KALOOKAN CITY,NCR   THIRD DISTRICT,86,1637
CITY OF MANDALUYONG,NCR   SECOND DISTRICT,85,1638
CITY OF MARIKINA,NCR   SECOND DISTRICT,85,1639
CITY OF PASIG,NCR   SECOND DISTRICT,85,1640
CITY OF PARAÑAQUE,NCR   FOURTH DISTRICT,88,1641
CITY OF LAS PIÑAS,NCR   FOURTH DISTRICT,88,1642
CITY OF VALENZUELA,NCR   THIRD DISTRICT,86,1643
CITY OF MALABON,NCR   THIRD DISTRICT,86,1644
TAGUIG CITY,NCR   FOURTH DISTRICT,88,1645
PATEROS,NCR   FOURTH DISTRICT,88,1646
CITY OF MUNTINLUPA,NCR   FOURTH DISTRICT,88,1647
