district,division,division_id,district_id
San Carlos City District I,San Carlos City,130,1
Bacarra I,Ilocos Norte,2,2
Bacarra II,Ilocos Norte,2,3
Badoc,Ilocos Norte,2,4
Bangui,Ilocos Norte,2,5
Banna (Espiritu),Ilocos Norte,2,6
Batac I,Batac City,3,7
Batac II,Batac City,3,8
Burgos,Ilocos Norte,2,9
Currimao,Ilocos Norte,2,10
Dingras I,Ilocos Norte,2,11
Dingras II,Ilocos Norte,2,12
Marcos-Nueva Era,Ilocos Norte,2,13
Adams-Pagudpud,Ilocos Norte,2,14
Paoay,Ilocos Norte,2,15
Albay II District,Legaspi City,4,16
Pasuquin,Ilocos Norte,2,17
Piddig,Ilocos Norte,2,18
Pinili,Ilocos Norte,2,19
San Nicolas,Ilocos Norte,2,20
Sarrat,Ilocos Norte,2,21
Solsona,Ilocos Norte,2,22
Vintar I,Ilocos Norte,2,23
Polomolok East,South Cotabato,5,24
Vintar II,Ilocos Norte,2,25
Alilem-Sugpon,Ilocos Sur,6,26
Banayoyo-Lidlidda-San Emilio,Ilocos Sur,6,27
Bantay,Ilocos Sur,6,28
Burgos-San Esteban,Ilocos Sur,6,29
Cabugao,Ilocos Sur,6,30
District II,Candon City,7,31
District I,Candon City,7,32
Caoayan,Ilocos Sur,6,33
Cervantes-Quirino,Ilocos Sur,6,34
Magsingal,Ilocos Sur,6,35
Narvacan North,Ilocos Sur,6,36
Narvacan South-Nagbukel,Ilocos Sur,6,37
Salcedo-Galimuyod-Sigay-Del Pilar,Ilocos Sur,6,38
San Juan,Ilocos Sur,6,39
San Vicente,Ilocos Sur,6,40
Lake Sebu East,South Cotabato,5,41
Santa,Ilocos Sur,6,42
Santiago,Ilocos Sur,6,43
Sinait,Ilocos Sur,6,44
Sta. Catalina,Ilocos Sur,6,45
Sta. Cruz,Ilocos Sur,6,46
Sta. Lucia,Ilocos Sur,6,47
Sta. Maria,Ilocos Sur,6,48
Sto. Domingo-San Ildefonso,Ilocos Sur,6,49
Suyo,Ilocos Sur,6,50
Tagudin,Ilocos Sur,6,51
District II,Vigan City,8,52
District I,Vigan City,8,53
District III,Vigan City,8,54
Agoo East,La Union,9,55
Datu Blah Sinsuat,Maguindanao II,10,56
Agoo West,La Union,9,57
Aringay,La Union,9,58
Bacnotan,La Union,9,59
Buluan,Maguindanao I,11,60
Bagulin,La Union,9,61
Pili,Camarines Sur,12,62
Tulunan South,North Cotabato,13,63
Balaoan,La Union,9,64
Bangar,La Union,9,65
Libungan East,North Cotabato,13,66
Bauang North,La Union,9,67
Bauang South,La Union,9,68
Makilala Central,North Cotabato,13,69
Burgos,La Union,9,70
Caba,La Union,9,71
Bongabong North,Oriental Mindoro,14,72
Luna I,La Union,9,73
Luna II,La Union,9,74
Tuba,Benguet,15,75
Naguilian,La Union,9,76
Koronadal West District II,Koronadal City,16,77
Tuguegarao West Educational Zone,Tuguegarao City,17,78
Pugo,La Union,9,79
Rosario,La Union,9,80
Bangued West,Abra,18,81
San Fernando I,San Fernando City,72,82
San Fernando II,San Fernando City,72,83
San Gabriel,La Union,9,84
Passi City District I (West),Passi City,20,85
San Juan,La Union,9,86
Santol,La Union,9,87
Sto. Tomas,La Union,9,88
Sudipen,La Union,9,89
Tubao,La Union,9,90
Agno,"Pangasinan I, Lingayen",21,91
Aguilar,"Pangasinan I, Lingayen",21,92
District I,Alaminos City,22,93
District II,Alaminos City,22,94
District III,Alaminos City,22,95
Anda,"Pangasinan I, Lingayen",21,96
Bani,"Pangasinan I, Lingayen",21,97
Basista,"Pangasinan I, Lingayen",21,98
Bayambang I,"Pangasinan I, Lingayen",21,99
Bayambang II,"Pangasinan I, Lingayen",21,100
Binmaley I,"Pangasinan I, Lingayen",21,101
Binmaley II,"Pangasinan I, Lingayen",21,102
Bolinao,"Pangasinan I, Lingayen",21,103
Bugallon I,"Pangasinan I, Lingayen",21,104
Bugallon II,"Pangasinan I, Lingayen",21,105
Burgos,"Pangasinan I, Lingayen",21,106
Calasiao I,"Pangasinan I, Lingayen",21,107
Calasiao II,"Pangasinan I, Lingayen",21,108
Dasol,"Pangasinan I, Lingayen",21,109
Infanta,"Pangasinan I, Lingayen",21,110
Labrador,"Pangasinan I, Lingayen",21,111
Lingayen I,"Pangasinan I, Lingayen",21,112
Lingayen II,"Pangasinan I, Lingayen",21,113
Lingayen III,"Pangasinan I, Lingayen",21,114
Mabini,"Pangasinan I, Lingayen",21,115
Malasiqui I,"Pangasinan I, Lingayen",21,116
Malasiqui II,"Pangasinan I, Lingayen",21,117
Mangatarem I,"Pangasinan I, Lingayen",21,118
Mangatarem II,"Pangasinan I, Lingayen",21,119
Mapandan,"Pangasinan I, Lingayen",21,120
Sta. Barbara I,"Pangasinan I, Lingayen",21,121
Sta. Barbara II,"Pangasinan I, Lingayen",21,122
Sual,"Pangasinan I, Lingayen",21,123
Urbiztondo,"Pangasinan I, Lingayen",21,124
Alcala,"Pangasinan II, Binalonan",23,125
Silang I,Cavite,24,126
Asingan I,"Pangasinan II, Binalonan",23,127
Asingan II,"Pangasinan II, Binalonan",23,128
Kulaman I (Sen. N. Aquino),Sultan Kudarat,25,129
Balungao,"Pangasinan II, Binalonan",23,130
Bautista,"Pangasinan II, Binalonan",23,131
Binalonan I,"Pangasinan II, Binalonan",23,132
Roxas City District II,Roxas City,26,133
Binalonan II,"Pangasinan II, Binalonan",23,134
Laoac,"Pangasinan II, Binalonan",23,135
Botolan South,Zambales,27,136
Manaoag,"Pangasinan II, Binalonan",23,137
Mangaldan I,"Pangasinan II, Binalonan",23,138
Mati North,Mati City,28,139
West Sibutu/Sitangkai,Tawi-Tawi,29,140
Mangaldan II,"Pangasinan II, Binalonan",23,141
Natividad,"Pangasinan II, Binalonan",23,142
Pozorrubio I,"Pangasinan II, Binalonan",23,143
Sto. Nino,Cagayan,30,144
Pozorrubio II,"Pangasinan II, Binalonan",23,145
Rosales I,"Pangasinan II, Binalonan",23,146
Rosales II,"Pangasinan II, Binalonan",23,147
San Fabian I,"Pangasinan II, Binalonan",23,148
Talaingod,Davao del Norte,31,149
San Fabian II,"Pangasinan II, Binalonan",23,150
San Jacinto,"Pangasinan II, Binalonan",23,151
San Manuel,"Pangasinan II, Binalonan",23,152
San Nicolas I,"Pangasinan II, Binalonan",23,153
San Nicolas II,"Pangasinan II, Binalonan",23,154
San Quintin,"Pangasinan II, Binalonan",23,155
Sison,"Pangasinan II, Binalonan",23,156
West Maitum,Sarangani,32,157
Magpet  East,North Cotabato,13,158
Sta. Maria,"Pangasinan II, Binalonan",23,159
T ' Boli East,South Cotabato,5,160
Sto. Tomas,"Pangasinan II, Binalonan",23,161
Tayug I,"Pangasinan II, Binalonan",23,162
Tayug II,"Pangasinan II, Binalonan",23,163
Umingan I,"Pangasinan II, Binalonan",23,164
Umingan II,"Pangasinan II, Binalonan",23,165
Villasis I,"Pangasinan II, Binalonan",23,166
Villasis II,"Pangasinan II, Binalonan",23,167
Dagupan City District I,Dagupan City,33,168
Dagupan City District II,Dagupan City,33,169
Mati South,Mati City,28,170
Dagupan City District III,Dagupan City,33,171
Dagupan City District IV,Dagupan City,33,172
Pagsanjan,Laguna,34,173
Laoag City District I,Laoag City,35,174
Bustos,Bulacan,36,175
Laoag City District II,Laoag City,35,176
Laoag City District III,Laoag City,35,177
San Carlos City District II,San Carlos City,130,178
New Bataan,Davao De Oro,37,179
San Carlos City District III,San Carlos City,130,180
San Carlos City District IV,San Carlos City,130,181
San Jose,Batangas,38,182
Urdaneta City District I,Urdaneta City,39,183
Urdaneta City District II,Urdaneta City,39,184
San Pascual,Batangas,38,185
Porac East,Pampanga,40,186
District Learning Center I,Tacloban City,41,187
Basco,Batanes,42,188
Itbayat,Batanes,42,189
Cuyapo,Nueva Ecija,43,190
Ivana-Uyugan,Batanes,42,191
San Isidro South,Davao Oriental,44,192
Mahatao,Batanes,42,193
Sabtang,Batanes,42,194
Abulug,Cagayan,30,195
Alcala West,Cagayan,30,196
Alcala East,Cagayan,30,197
Allacapan North,Cagayan,30,198
Allacapan South,Cagayan,30,199
Carmen North,North Cotabato,13,200
West Alabel,Sarangani,32,201
Amulung East,Cagayan,30,202
Amulung West,Cagayan,30,203
Aparri East,Cagayan,30,204
Aparri South Educational Zone,Cagayan,30,205
Aparri West,Cagayan,30,206
Baggao North,Cagayan,30,207
Baggao East,Cagayan,30,208
Baggao West,Cagayan,30,209
Baggao South,Cagayan,30,210
Ballesteros,Cagayan,30,211
Buguey South,Cagayan,30,212
Buguey North,Cagayan,30,213
Calayan West,Cagayan,30,214
Calayan East,Cagayan,30,215
Camalaniugan,Cagayan,30,216
Claveria East,Cagayan,30,217
Enrile East,Cagayan,30,218
Enrile West,Cagayan,30,219
Gattaran East,Cagayan,30,220
Gattaran Central,Cagayan,30,221
Gattaran West,Cagayan,30,222
Gonzaga East,Cagayan,30,223
Gonzaga West,Cagayan,30,224
Iguig,Cagayan,30,225
Lal-lo Central,Cagayan,30,226
Lal-lo North,Cagayan,30,227
Lal-lo South,Cagayan,30,228
Lasam East,Cagayan,30,229
Lasam West,Cagayan,30,230
Pamplona,Cagayan,30,231
Penablanca East,Cagayan,30,232
Penablanca West,Cagayan,30,233
Piat,Cagayan,30,234
Rizal,Cagayan,30,235
Sanchez Mira,Cagayan,30,236
Solana North,Cagayan,30,237
Solana South,Cagayan,30,238
Solana West Educational Zone,Cagayan,30,239
Sta. Ana,Cagayan,30,240
Sta. Praxedes,Cagayan,30,241
Sta. Teresita,Cagayan,30,242
Tuao East,Cagayan,30,243
Tuao West,Cagayan,30,244
Alicia North,Isabela,45,245
Alicia East,Isabela,45,246
Alicia South,Isabela,45,247
Angadanan East,Isabela,45,248
South Malungon,Sarangani,32,249
Angadanan West,Isabela,45,250
Malapatan III,Sarangani,32,251
Malapatan II,Sarangani,32,252
Aurora,Isabela,45,253
Benito Soliven,Isabela,45,254
East Maitum,Sarangani,32,255
West Kiamba,Sarangani,32,256
Burgos,Isabela,45,257
Cabagan,Isabela,45,258
Cabatuan East,Isabela,45,259
Cabatuan West,Isabela,45,260
Cauayan Northeast District,Cauayan City,46,261
Cauayan East District,Cauayan City,46,262
Cauayan South District,Cauayan City,46,263
Cauayan West District,Cauayan City,46,264
Cauayan North District,Cauayan City,46,265
Cordon North,Isabela,45,266
Cordon South,Isabela,45,267
Delfin Albano,Isabela,45,268
Echague East,Isabela,45,269
Echague South,Isabela,45,270
Echague West,Isabela,45,271
Gamu,Isabela,45,272
East Maasim,Sarangani,32,273
East,City of Ilagan,47,274
North,City of Ilagan,47,275
South Glan,Sarangani,32,276
South,City of Ilagan,47,277
North Glan,Sarangani,32,278
Southwest Alabel,Sarangani,32,279
San Antonio,City of Ilagan,47,280
West,City of Ilagan,47,281
Northwest,City of Ilagan,47,282
Jones East,Isabela,45,283
Jones West,Isabela,45,284
Luna,Isabela,45,285
Mallig,Isabela,45,286
Naguilian,Isabela,45,287
Palanan,Isabela,45,288
Quezon,Isabela,45,289
Naic I,Cavite,24,290
Carmen South,Special Geographic Area Division,48,291
Quirino,Isabela,45,292
Libungan West,North Cotabato,13,293
Makilala West,North Cotabato,13,294
Ramon,Isabela,45,295
Malaybalay City District I,Malaybalay City,49,296
Buenavista,Bohol,50,297
Sablayan North,Occidental Mindoro,51,298
Reina Mercedes,Isabela,45,299
Malaybalay City District X,Malaybalay City,49,300
Roxas East,Isabela,45,301
Roxas West,Isabela,45,302
San Agustin,Isabela,45,303
San Guillermo,Isabela,45,304
Malaybalay City District II,Malaybalay City,49,305
San Jose Del Monte East,City of San Jose Del Monte,52,306
Bauan,Batangas,38,307
San Isidro,Isabela,45,308
Sta. Maria,Isabela,45,309
San Manuel,Isabela,45,310
Lebak Central,Sultan Kudarat,25,311
Kalamansig II,Sultan Kudarat,25,312
Rizal,Palawan,53,313
San Mariano I,Isabela,45,314
Iligan City East I District,Iligan City,54,315
San Mariano II,Isabela,45,316
San Mateo North,Isabela,45,317
San Mateo South,Isabela,45,318
San Pablo,Isabela,45,319
Santiago North,Santiago City,55,320
Santiago East,Santiago City,55,321
Santiago South,Santiago City,55,322
Santiago West,Santiago City,55,323
Sto. Tomas,Isabela,45,324
Tumauini North,Isabela,45,325
Tumauini South,Isabela,45,326
Aritao East,Nueva Vizcaya,56,327
Aritao West,Nueva Vizcaya,56,328
Bagabag II,Nueva Vizcaya,56,329
Bagabag I,Nueva Vizcaya,56,330
Bambang I,Nueva Vizcaya,56,331
Bambang II,Nueva Vizcaya,56,332
Ambaguio,Nueva Vizcaya,56,333
Bayombong I,Nueva Vizcaya,56,334
Bayombong II,Nueva Vizcaya,56,335
Diadi,Nueva Vizcaya,56,336
Dupax del Norte II,Nueva Vizcaya,56,337
Dupax del Norte I,Nueva Vizcaya,56,338
Dupax del Sur,Nueva Vizcaya,56,339
Kasibu West,Nueva Vizcaya,56,340
Kasibu East,Nueva Vizcaya,56,341
Western Kayapa,Nueva Vizcaya,56,342
Eastern Kayapa,Nueva Vizcaya,56,343
Quezon,Nueva Vizcaya,56,344
Solano I,Nueva Vizcaya,56,345
Solano II,Nueva Vizcaya,56,346
Alfonso Castañeda,Nueva Vizcaya,56,347
Sta. Fe,Nueva Vizcaya,56,348
Villaverde,Nueva Vizcaya,56,349
Aglipay,Quirino,57,350
Cabarroguis,Quirino,57,351
Diffun I,Quirino,57,352
Diffun II,Quirino,57,353
Maddela Zone II,Quirino,57,354
Maddela Zone I,Quirino,57,355
Nagtipunan,Quirino,57,356
Saguday,Quirino,57,357
Tuguegarao Northeast Educational Zone,Tuguegarao City,17,358
Tuguegarao East Educational Zone,Tuguegarao City,17,359
Tuguegarao North Educational Zone,Tuguegarao City,17,360
Baler,Aurora,58,361
Casiguran,Aurora,58,362
Dilasag,Aurora,58,363
Dinalungan,Aurora,58,364
Dingalan,Aurora,58,365
Dipaculao,Aurora,58,366
Ma. Aurora,Aurora,58,367
San Luis,Aurora,58,368
Abucay,Bataan,59,369
Bagac,Bataan,59,370
Balanga City West,Balanga City,60,371
Balanga City East,Balanga City,60,372
Dinalupihan West,Bataan,59,373
Dinalupihan East,Bataan,59,374
Hermosa,Bataan,59,375
Limay,Bataan,59,376
Mariveles,Bataan,59,377
Morong,Bataan,59,378
Orani,Bataan,59,379
Orion,Bataan,59,380
Pilar,Bataan,59,381
Samal,Bataan,59,382
Angat,Bulacan,36,383
Dona Remedios Trinidad,Bulacan,36,384
Balagtas,Bulacan,36,385
Baliuag North,Bulacan,36,386
Baliuag South,Bulacan,36,387
Bocaue,Bulacan,36,388
Bulacan,Bulacan,36,389
Calumpit,Bulacan,36,390
Guiguinto,Bulacan,36,391
Hagonoy East,Bulacan,36,392
Hagonoy West,Bulacan,36,393
North District,Malolos City,61,394
South District,Malolos City,61,395
Marilao,Bulacan,36,396
Meycauayan East,Meycauayan City,62,397
Meycauayan West,Meycauayan City,62,398
Norzagaray,Bulacan,36,399
Obando,Bulacan,36,400
Pandi,Bulacan,36,401
Paombong,Bulacan,36,402
Plaridel,Bulacan,36,403
Pulilan,Bulacan,36,404
San Ildefonso North,Bulacan,36,405
San Ildefonso South,Bulacan,36,406
San Miguel North,Bulacan,36,407
San Miguel South,Bulacan,36,408
San Rafael,Bulacan,36,409
Sta. Maria,Bulacan,36,410
Aliaga,Nueva Ecija,43,411
Bongabon,Nueva Ecija,43,412
Cabiao,Nueva Ecija,43,413
Carranglan,Nueva Ecija,43,414
Gabaldon,Nueva Ecija,43,415
Gapan North,Gapan City,63,416
Gapan South,Gapan City,63,417
Gen. M. Natividad,Nueva Ecija,43,418
Gen. Tinio,Nueva Ecija,43,419
Guimba East,Nueva Ecija,43,420
Guimba West,Nueva Ecija,43,421
Jaen,Nueva Ecija,43,422
Laur,Nueva Ecija,43,423
Licab,Nueva Ecija,43,424
Llanera,Nueva Ecija,43,425
Lupao,Nueva Ecija,43,426
Munoz,Science City of Muñoz,64,427
Nampicuan,Nueva Ecija,43,428
Palayan City,Nueva Ecija,43,429
Pantabangan,Nueva Ecija,43,430
Penaranda,Nueva Ecija,43,431
Quezon,Nueva Ecija,43,432
Rizal,Nueva Ecija,43,433
San Antonio,Nueva Ecija,43,434
San Isidro,Nueva Ecija,43,435
San Jose City East,San Jose City,65,436
San Jose City West,San Jose City,65,437
San Leonardo,Nueva Ecija,43,438
Sta. Rosa,Nueva Ecija,43,439
Sto. Domingo,Nueva Ecija,43,440
Talavera North,Nueva Ecija,43,441
Talavera South,Nueva Ecija,43,442
Talugtug,Nueva Ecija,43,443
Zaragoza,Nueva Ecija,43,444
Apalit,Pampanga,40,445
Arayat East,Pampanga,40,446
Arayat West,Pampanga,40,447
Bacolor South,Pampanga,40,448
Bacolor North,Pampanga,40,449
Candaba East,Pampanga,40,450
Candaba North,Pampanga,40,451
Candaba West,Pampanga,40,452
Floridablanca East,Pampanga,40,453
Floridablanca West,Pampanga,40,454
Guagua East,Pampanga,40,455
Guagua West,Pampanga,40,456
Lubao East,Pampanga,40,457
Lubao North,Pampanga,40,458
Lubao West,Pampanga,40,459
Mabalacat North,Mabalacat City,66,460
Mabalacat East,Mabalacat City,66,461
Mabalacat South,Mabalacat City,66,462
Macabebe East,Pampanga,40,463
Macabebe West,Pampanga,40,464
Magalang South,Pampanga,40,465
Magalang North,Pampanga,40,466
Masantol South,Pampanga,40,467
Masantol North,Pampanga,40,468
Mexico North,Pampanga,40,469
Mexico West,Pampanga,40,470
Mexico South,Pampanga,40,471
Minalin,Pampanga,40,472
Porac West,Pampanga,40,473
San Luis,Pampanga,40,474
San Simon,Pampanga,40,475
Sasmuan,Pampanga,40,476
Sta. Ana,Pampanga,40,477
Sta. Rita,Pampanga,40,478
Sto. Tomas,Pampanga,40,479
Anao,Tarlac,67,480
Bamban,Tarlac,67,481
Camiling Central,Tarlac,67,482
Camiling East,Tarlac,67,483
Camiling West,Tarlac,67,484
Capas East,Tarlac,67,485
Capas West,Tarlac,67,486
Concepcion East,Tarlac,67,487
Concepcion North,Tarlac,67,488
Concepcion South,Tarlac,67,489
Concepcion West,Tarlac,67,490
Gerona North,Tarlac,67,491
Gerona South,Tarlac,67,492
La Paz North,Tarlac,67,493
La Paz South,Tarlac,67,494
Mayantoc,Tarlac,67,495
Moncada North,Tarlac,67,496
Moncada South,Tarlac,67,497
Paniqui North,Tarlac,67,498
Paniqui South,Tarlac,67,499
Pura,Tarlac,67,500
Ramos,Tarlac,67,501
San Clemente,Tarlac,67,502
San Jose,Tarlac,67,503
San Manuel,Tarlac,67,504
Sta. Ignacia,Tarlac,67,505
Tarlac Central District,Tarlac City,68,506
Tarlac East District,Tarlac City,68,507
Tarlac North District A,Tarlac City,68,508
Tarlac North District B,Tarlac City,68,509
Tarlac South District B,Tarlac City,68,510
Tarlac South District A,Tarlac City,68,511
Tarlac West District A,Tarlac City,68,512
Tarlac West District B,Tarlac City,68,513
Tarlac West District C,Tarlac City,68,514
Victoria East,Tarlac,67,515
Victoria West,Tarlac,67,516
Botolan North,Zambales,27,517
Cabangan,Zambales,27,518
Candelaria,Zambales,27,519
Castillejos,Zambales,27,520
Iba,Zambales,27,521
Masinloc,Zambales,27,522
Palauig,Zambales,27,523
San Antonio,Zambales,27,524
San Felipe,Zambales,27,525
San Marcelino,Zambales,27,526
San Narciso,Zambales,27,527
Sta. Cruz North,Zambales,27,528
Sta. Cruz South,Zambales,27,529
Subic,Zambales,27,530
East District,Angeles City,69,531
North District,Angeles City,69,532
West District,Angeles City,69,533
South District,Angeles City,69,534
Cabanatuan City East District,Cabanatuan City,70,535
Cabanatuan City North District,Cabanatuan City,70,536
Cabanatuan City South District,Cabanatuan City,70,537
Cabanatuan City West District,Cabanatuan City,70,538
Olongapo City District I,Olongapo City,71,539
Olongapo City District II,Olongapo City,71,540
Olongapo City District III,Olongapo City,71,541
Olongapo City District IV,Olongapo City,71,542
San Jose Del Monte West,City of San Jose Del Monte,52,543
San Fernando East,San Fernando City,72,544
San Fernando North,San Fernando City,72,545
San Fernando West,San Fernando City,72,546
Agoncillo,Batangas,38,547
Alitagtag,Batangas,38,548
Pagalungan,Maguindanao I,11,549
Balayan East,Batangas,38,550
Balayan West,Batangas,38,551
Balete,Batangas,38,552
Calaca,Batangas,38,553
Calatagan,Batangas,38,554
Cuenca,Batangas,38,555
Ibaan,Batangas,38,556
Laurel,Batangas,38,557
Lemery,Batangas,38,558
Lian,Batangas,38,559
Lobo,Batangas,38,560
Mabini,Batangas,38,561
Malvar,Batangas,38,562
Mataas Na Kahoy,Batangas,38,563
Nasugbu East,Batangas,38,564
Nasugbu West,Batangas,38,565
Padre Garcia,Batangas,38,566
Rosario East,Batangas,38,567
Rosario West,Batangas,38,568
San Juan East,Batangas,38,569
San Juan West,Batangas,38,570
San Luis,Batangas,38,571
San Nicolas,Batangas,38,572
Sta. Teresita,Batangas,38,573
Sto. Tomas South,Sto. Tomas City,73,574
Sto. Tomas North,Sto. Tomas City,73,575
Taal,Batangas,38,576
Talisay,Batangas,38,577
Tanauan City West I,Tanauan City,74,578
Tanauan City East II,Tanauan City,74,579
Tanauan City South II,Tanauan City,74,580
Tanauan City East III,Tanauan City,74,581
Tanauan City East I,Tanauan City,74,582
Tanauan City West II,Tanauan City,74,583
Tanauan City North III,Tanauan City,74,584
Tanauan City South I,Tanauan City,74,585
Tanauan City North I,Tanauan City,74,586
Tanauan City North II,Tanauan City,74,587
Taysan,Batangas,38,588
Tingloy,Batangas,38,589
Tuy,Batangas,38,590
Alfonso,Cavite,24,591
Amadeo,Cavite,24,592
Bacoor I,Bacoor City,75,593
Bacoor II,Bacoor City,75,594
Carmona,Cavite,24,595
Dasmariñas I,Dasmarinas City,76,596
Dasmariñas II,Dasmarinas City,76,597
General E. Aguinaldo,Cavite,24,598
General Mariano Alvarez,Cavite,24,599
General Trias I,General Trias City,77,600
General Trias II,General Trias City,77,601
Imus I,Imus City,78,602
Mandaluyong City District II,Mandaluyong City,79,603
Imus II,Imus City,78,604
Indang I,Cavite,24,605
Trece Martirez City,Cavite,24,606
Indang II,Cavite,24,607
Kawit,Cavite,24,608
Magallanes,Cavite,24,609
Maragondon,Cavite,24,610
Mendez,Cavite,24,611
Naic II,Cavite,24,612
Noveleta,Cavite,24,613
Rosario,Cavite,24,614
Bacon West,Sorsogon City,80,615
Silang II,Cavite,24,616
Tagaytay City,Cavite,24,617
Tanza,Cavite,24,618
Ternate,Cavite,24,619
Malabog,Davao City,81,620
Alaminos,Laguna,34,621
Bay,Laguna,34,622
Binan,Binan City,82,623
District II,Cabuyao City,83,624
District I,Cabuyao City,83,625
District IV,Cabuyao City,83,626
District III,Cabuyao City,83,627
District V,Cabuyao City,83,628
Calauan,Laguna,34,629
Cavinti,Laguna,34,630
Famy-Mabitac,Laguna,34,631
Liliw,Laguna,34,632
Los Baños,Laguna,34,633
Luisiana,Laguna,34,634
Lumban-Kalayaan,Laguna,34,635
Magdalena,Laguna,34,636
Majayjay,Laguna,34,637
Nagcarlan-Rizal,Laguna,34,638
Paete,Laguna,34,639
Pangil-Pakil,Laguna,34,640
Marilog,Davao City,81,641
Pila,Laguna,34,642
San Pedro,San Pedro City,84,643
Santa Cruz,Laguna,34,644
Santa Maria,Laguna,34,645
City of Sta. Rosa District II,Sta. Rosa City,85,646
City of Sta. Rosa District III,Sta. Rosa City,85,647
City of Sta. Rosa District I,Sta. Rosa City,85,648
Siniloan,Laguna,34,649
Victoria,Laguna,34,650
Alabat,Quezon,86,651
Atimonan,Quezon,86,652
Buenavista,Quezon,86,653
Burdeos,Quezon,86,654
Panukulan,Quezon,86,655
Calauag East,Quezon,86,656
Calauag West,Quezon,86,657
Candelaria East,Quezon,86,658
Candelaria West,Quezon,86,659
Catanauan,Quezon,86,660
Dolores,Quezon,86,661
Gen. Luna,Quezon,86,662
Gen. Nakar,Quezon,86,663
Guinayangan,Quezon,86,664
Gumaca East,Quezon,86,665
Gumaca West,Quezon,86,666
Infanta,Quezon,86,667
Lopez East,Quezon,86,668
Lopez West,Quezon,86,669
Lucban,Quezon,86,670
Macalelon,Quezon,86,671
Mauban North,Quezon,86,672
Mauban South,Quezon,86,673
Mulanay,Quezon,86,674
Kapalong West,Davao del Norte,31,675
Padre Burgos-Agdangan,Quezon,86,676
Pagbilao,Quezon,86,677
Patnanungan-Jomalig,Quezon,86,678
Perez,Quezon,86,679
Pitogo,Quezon,86,680
Plaridel,Quezon,86,681
Polillo,Quezon,86,682
Quezon,Quezon,86,683
Real,Quezon,86,684
Sampaloc,Quezon,86,685
San Andres,Quezon,86,686
San Antonio,Quezon,86,687
San Francisco,Quezon,86,688
San Narciso,Quezon,86,689
Sariaya East,Quezon,86,690
Sariaya West,Quezon,86,691
Tagkawayan,Quezon,86,692
Tayabas East,Tayabas City,87,693
Tayabas West,Tayabas City,87,694
Tiaong,Quezon,86,695
Unisan,Quezon,86,696
Angono,Rizal,88,697
Binangonan III,Rizal,88,698
District I-B,Antipolo City,89,699
District II-D,Antipolo City,89,700
District II-B,Antipolo City,89,701
District I-C,Antipolo City,89,702
District II-C,Antipolo City,89,703
District II-A,Antipolo City,89,704
District I-A,Antipolo City,89,705
Teresa,Rizal,88,706
Binangonan I,Rizal,88,707
Binangonan II,Rizal,88,708
Cainta I (Cainta),Rizal,88,709
Cainta II,Rizal,88,710
Jose Abad Santos,Davao Occidental,90,711
Cardona,Rizal,88,712
Baras,Rizal,88,713
Morong,Rizal,88,714
Sta. Maria,Davao Occidental,90,715
Baganga North,Davao Oriental,44,716
Caraga South,Davao Oriental,44,717
Linapacan,Palawan,53,718
Jalajala,Rizal,88,719
Pililla,Rizal,88,720
Rodriguez II,Rizal,88,721
Rodriguez I (Rodriguez),Rizal,88,722
San Mateo,Rizal,88,723
Coron Inland,Palawan,53,724
Tanay II,Rizal,88,725
Tanay I,Rizal,88,726
Taytay I,Rizal,88,727
Taytay II,Rizal,88,728
Batangas City East District,Batangas City,91,729
Batangas City New District,Batangas City,91,730
Batangas City North District,Batangas City,91,731
Cajidiocan-Magdiwang,Romblon,92,732
Batangas City Coastal District,Batangas City,91,733
Batangas City Verde Island District,Batangas City,91,734
Batangas City West District,Batangas City,91,735
Batangas City South District,Batangas City,91,736
Pidigan,Abra,18,737
Cavite City I District,Cavite City,93,738
Cavite City II District,Cavite City,93,739
Cavite City III District,Cavite City,93,740
Lipa City East District,Lipa City,94,741
Lipa City North Disrict,Lipa City,94,742
Lipa City South District,Lipa City,94,743
Bataraza District II,Palawan,53,744
Lipa City West District,Lipa City,94,745
Lucena East District,Lucena City,95,746
Lucena North District,Lucena City,95,747
Lucena South District,Lucena City,95,748
Lucena West District,Lucena City,95,749
Ambray,San Pablo City,96,750
Sallapadan,Abra,18,751
Dapdapan,San Pablo City,96,752
Del Remedio,San Pablo City,96,753
Fule Almeda,San Pablo City,96,754
Lakeside,San Pablo City,96,755
San Francisco,San Pablo City,96,756
Sto. Angel,San Pablo City,96,757
Rizal,Occidental Mindoro,51,758
Calamba City East I,Calamba City,97,759
Calamba City East II,Calamba City,97,760
Calamba City West,Calamba City,97,761
Boac North,Marinduque,98,762
Boac South,Marinduque,98,763
Buenavista,Marinduque,98,764
Gasan,Marinduque,98,765
Mogpog,Marinduque,98,766
Santa Cruz East,Marinduque,98,767
Santa Cruz North,Marinduque,98,768
Santa Cruz South,Marinduque,98,769
Torrijos,Marinduque,98,770
Abra De Ilog-Paluan,Occidental Mindoro,51,771
Calintaan,Occidental Mindoro,51,772
Looc,Occidental Mindoro,51,773
Lubang,Occidental Mindoro,51,774
Magsaysay,Occidental Mindoro,51,775
Sta. Cruz,Occidental Mindoro,51,776
Mamburao,Occidental Mindoro,51,777
Sablayan South,Occidental Mindoro,51,778
San Jose East,Occidental Mindoro,51,779
San Jose North,Occidental Mindoro,51,780
Quezon South,Palawan,53,781
San Jose South,Occidental Mindoro,51,782
San Jose West,Occidental Mindoro,51,783
Baco,Oriental Mindoro,14,784
Taytay II,Palawan,53,785
Bansud,Oriental Mindoro,14,786
Taytay I,Palawan,53,787
Bongabong South,Oriental Mindoro,14,788
Bulalacao,Oriental Mindoro,14,789
Gloria,Oriental Mindoro,14,790
Mansalay,Oriental Mindoro,14,791
Naujan East,Oriental Mindoro,14,792
Naujan South,Oriental Mindoro,14,793
Naujan West,Oriental Mindoro,14,794
Pinamalayan East,Oriental Mindoro,14,795
Pinamalayan West,Oriental Mindoro,14,796
Pola,Oriental Mindoro,14,797
Puerto Galera,Oriental Mindoro,14,798
Roxas,Oriental Mindoro,14,799
San Teodoro,Oriental Mindoro,14,800
Socorro,Oriental Mindoro,14,801
Victoria,Oriental Mindoro,14,802
Aborlan Central,Palawan,53,803
Aborlan East,Palawan,53,804
Aborlan West,Palawan,53,805
Agutaya,Palawan,53,806
Dumaran Mainland District,Palawan,53,807
Araceli (Araceli-Dumaran),Palawan,53,808
Dumaran Island District,Palawan,53,809
Balabac,Palawan,53,810
Bataraza District I,Palawan,53,811
North Brooke's Point,Palawan,53,812
South Brooke's Point,Palawan,53,813
Brooke'S Point II (S. Espanola),Palawan,53,814
Culion,Palawan,53,815
Busuanga,Palawan,53,816
Caganyancillo,Palawan,53,817
Coron Coastal,Palawan,53,818
Cuyo,Palawan,53,819
El Nido del Sur,Palawan,53,820
El Nido del Norte,Palawan,53,821
Magsaysay,Palawan,53,822
Narra District II,Palawan,53,823
Narra District I,Palawan,53,824
Quezon North,Palawan,53,825
Gingoog City North-3 District,Gingoog City,99,826
Roxas Central,Palawan,53,827
Roxas North,Palawan,53,828
Roxas South,Palawan,53,829
San Vicente,Palawan,53,830
Taytay III,Palawan,53,831
Alcantara,Romblon,92,832
Banton,Romblon,92,833
Concepcion,Romblon,92,834
Corcuera,Romblon,92,835
Looc,Romblon,92,836
Odiongan North,Romblon,92,837
Odiongan South,Romblon,92,838
Romblon,Romblon,92,839
San Agustin-Calatrava,Romblon,92,840
San Andres,Romblon,92,841
San Fernando,Romblon,92,842
San Jose-Santa Fe,Romblon,92,843
Puerto Princesa I District,Puerto Princesa City,100,844
Puerto Princesa II District,Puerto Princesa City,100,845
Puerto Princesa III District,Puerto Princesa City,100,846
Calapan East,Calapan City,101,847
Calapan South,Calapan City,101,848
Calapan West,Calapan City,101,849
Bacacay East,Albay,102,850
Bacacay South,Albay,102,851
Bacacay West,Albay,102,852
Camalig North,Albay,102,853
Camalig South,Albay,102,854
Daraga North,Albay,102,855
Daraga South,Albay,102,856
Guinobatan East,Albay,102,857
Guinobatan West,Albay,102,858
Jovellar,Albay,102,859
Libon East,Albay,102,860
Ligao East District,Ligao City,103,861
Ligao West District,Ligao City,103,862
Libon West,Albay,102,863
Gingoog City East-1 District,Gingoog City,99,864
Ligao South District,Ligao City,103,865
Gingoog City West-3 District,Gingoog City,99,866
Malilipot,Albay,102,867
Malinao,Albay,102,868
Manito,Albay,102,869
Oas North,Albay,102,870
Oas South,Albay,102,871
Pioduran West (Pioduran North),Albay,102,872
Pioduran East (Pioduran South),Albay,102,873
Polangui North,Albay,102,874
Polangui South,Albay,102,875
Rapu-Rapu East (Rapu-Rapu),Albay,102,876
Rapu-Rapu West,Albay,102,877
Sto. Domingo,Albay,102,878
Tiwi,Albay,102,879
Basud,Camarines Norte,104,880
Capalonga,Camarines Norte,104,881
Daet North,Camarines Norte,104,882
Daet South,Camarines Norte,104,883
Jose Panganiban East,Camarines Norte,104,884
Jose Panganiban West,Camarines Norte,104,885
Labo East,Camarines Norte,104,886
Labo West,Camarines Norte,104,887
Mercedes,Camarines Norte,104,888
Paracale,Camarines Norte,104,889
Sn Vicente-San Lorenzo Ruiz,Camarines Norte,104,890
Sta. Elena,Camarines Norte,104,891
Talisay,Camarines Norte,104,892
Vinzons,Camarines Norte,104,893
Baao,Camarines Sur,12,894
Talisay III,Negros Occidental,105,895
Balatan,Camarines Sur,12,896
Bato,Camarines Sur,12,897
Buhi,Camarines Sur,12,898
Bula,Camarines Sur,12,899
Cabusao,Camarines Sur,12,900
Calabanga,Camarines Sur,12,901
Camaligan,Camarines Sur,12,902
Canaman,Camarines Sur,12,903
Caramoan,Camarines Sur,12,904
Del Gallego,Camarines Sur,12,905
Garchitorena,Camarines Sur,12,906
Goa,Camarines Sur,12,907
Lagonoy North,Camarines Sur,12,908
Lagonoy South,Camarines Sur,12,909
Libmanan North,Camarines Sur,12,910
Libmanan South,Camarines Sur,12,911
Lupi,Camarines Sur,12,912
Polomolok West,South Cotabato,5,913
Magarao-Bombon,Camarines Sur,12,914
Isabela City North District,Isabela City,106,915
Milaor-Gainza,Camarines Sur,12,916
Minalabac,Camarines Sur,12,917
Nabua East,Camarines Sur,12,918
Nabua West,Camarines Sur,12,919
Ocampo,Camarines Sur,12,920
Pamplona,Camarines Sur,12,921
Parubcan-Presentacion,Camarines Sur,12,922
Pasacao,Camarines Sur,12,923
Ragay,Camarines Sur,12,924
Sagñay,Camarines Sur,12,925
San Fernando I,Bukidnon,107,926
San Fernando,Camarines Sur,12,927
San Jose,Camarines Sur,12,928
Siruma,Camarines Sur,12,929
San Fernando II,Bukidnon,107,930
Sipocot North,Camarines Sur,12,931
Sipocot South,Camarines Sur,12,932
Tigaon,Camarines Sur,12,933
Tinambac North,Camarines Sur,12,934
Tinambac South,Camarines Sur,12,935
Bagamanoc North,Catanduanes,108,936
Bagamanoc South,Catanduanes,108,937
Baras North,Catanduanes,108,938
Baras South,Catanduanes,108,939
Bato East,Catanduanes,108,940
Bato West,Catanduanes,108,941
Caramoran North,Catanduanes,108,942
Caramoran South,Catanduanes,108,943
Gigmoto,Catanduanes,108,944
Pandan East,Catanduanes,108,945
Pandan West,Catanduanes,108,946
Panganiban,Catanduanes,108,947
San Andres East,Catanduanes,108,948
San Andres West,Catanduanes,108,949
San Miguel North,Catanduanes,108,950
San Miguel South,Catanduanes,108,951
Viga East,Catanduanes,108,952
Viga West,Catanduanes,108,953
Virac North,Catanduanes,108,954
Virac South,Catanduanes,108,955
Aroroy East,Masbate,109,956
Aroroy West,Masbate,109,957
Cabanglasan,Bukidnon,107,958
Baleno,Masbate,109,959
Balud South,Masbate,109,960
Balud North,Masbate,109,961
Damulog,Bukidnon,107,962
Batuan,Masbate,109,963
Cataingan East,Masbate,109,964
Cataingan West,Masbate,109,965
Cawayan West,Masbate,109,966
Cawayan East (Cawayan),Masbate,109,967
Claveria North,Masbate,109,968
Claveria South,Masbate,109,969
Dimasalang,Masbate,109,970
Esperanza,Masbate,109,971
Maramag II,Bukidnon,107,972
Mandaon North,Masbate,109,973
Mandaon South,Masbate,109,974
Talakag II,Bukidnon,107,975
Masbaste North District 1,Masbate City,110,976
Masbaste North District 2,Masbate City,110,977
Masbate South District 2,Masbate City,110,978
Milagros East,Masbate,109,979
Masbate South District 1,Masbate City,110,980
Milagros West,Masbate,109,981
Mobo South,Masbate,109,982
Mobo North,Masbate,109,983
Monreal,Masbate,109,984
Palanas North,Masbate,109,985
Palanas South,Masbate,109,986
Pio V. Corpuz,Masbate,109,987
Placer East,Masbate,109,988
Placer West,Masbate,109,989
San Fernando,Masbate,109,990
Manolo Fortich II,Bukidnon,107,991
Malitbog,Bukidnon,107,992
San Jacinto,Masbate,109,993
San Pascual South,Masbate,109,994
San Pascual North,Masbate,109,995
Kitaotao II,Bukidnon,107,996
Uson South,Masbate,109,997
Uson-North,Masbate,109,998
Maramag III,Bukidnon,107,999
Barcelona,Sorsogon,111,1000
Bulan North,Sorsogon,111,1001
Bulan South,Sorsogon,111,1002
Bulusan,Sorsogon,111,1003
Casiguran,Sorsogon,111,1004
Castilla East,Sorsogon,111,1005
Castilla West,Sorsogon,111,1006
Donsol East,Sorsogon,111,1007
Donsol West,Sorsogon,111,1008
Gubat North,Sorsogon,111,1009
Gubat South,Sorsogon,111,1010
Irosin,Sorsogon,111,1011
Juban,Sorsogon,111,1012
Magallanes North,Sorsogon,111,1013
Magallanes South,Sorsogon,111,1014
Matnog,Sorsogon,111,1015
Pilar I,Sorsogon,111,1016
Pilar II,Sorsogon,111,1017
Prieto Diaz,Sorsogon,111,1018
Sta. Magdalena,Sorsogon,111,1019
Iriga Central District,Iriga City,112,1020
Iriga North District,Iriga City,112,1021
Iriga South District,Iriga City,112,1022
Albay I District,Legaspi City,4,1023
Legazpi Port I District,Legaspi City,4,1024
Legazpi Port II District,Legaspi City,4,1025
Naga North District,Naga City,113,1026
Naga East District,Naga City,113,1027
Naga South District,Naga City,113,1028
Naga West District,Naga City,113,1029
Bacon East,Sorsogon City,80,1030
Sorsogon East,Sorsogon City,80,1031
Sorsogon West,Sorsogon City,80,1032
Tabaco West,Tabaco City,114,1033
Tabaco North,Tabaco City,114,1034
Tabaco East,Tabaco City,114,1035
Tabaco South,Tabaco City,114,1036
Altavas,Aklan,115,1037
Balete,Aklan,115,1038
Banga,Aklan,115,1039
Batan,Aklan,115,1040
Buruanga,Aklan,115,1041
Ibajay I,Aklan,115,1042
Ibajay II,Aklan,115,1043
Kalibo I,Aklan,115,1044
Kalibo II,Aklan,115,1045
Lezo,Aklan,115,1046
Libacao,Aklan,115,1047
Madalag,Aklan,115,1048
Makato,Aklan,115,1049
Malay,Aklan,115,1050
Malinao,Aklan,115,1051
Nabas,Aklan,115,1052
New Washington,Aklan,115,1053
Numancia,Aklan,115,1054
Tangalan,Aklan,115,1055
Anini-y,Antique,116,1056
Barbaza,Antique,116,1057
Belison,Antique,116,1058
Bugasong,Antique,116,1059
Caluya,Antique,116,1060
Culasi,Antique,116,1061
Hamtic North,Antique,116,1062
Hamtic South,Antique,116,1063
Laua-an,Antique,116,1064
Libertad,Antique,116,1065
Pandan,Antique,116,1066
Patnongon I,Antique,116,1067
Patnongon II,Antique,116,1068
Kadingilan,Bukidnon,107,1069
San Jose,Antique,116,1070
San Remegio I,Antique,116,1071
San Remegio II,Antique,116,1072
Sebaste,Antique,116,1073
Sibalom North,Antique,116,1074
Sibalom South,Antique,116,1075
Tibiao,Antique,116,1076
Tobias Fornier,Antique,116,1077
Valderama,Antique,116,1078
Cuartero,Capiz,117,1079
Dao,Capiz,117,1080
Dumalag,Capiz,117,1081
Dumarao,Capiz,117,1082
Ivisan,Capiz,117,1083
Jamindan,Capiz,117,1084
Maayon,Capiz,117,1085
Mambusao East,Capiz,117,1086
Mambusao West,Capiz,117,1087
Panay,Capiz,117,1088
Panit-An,Capiz,117,1089
Pilar,Capiz,117,1090
Pontevedra,Capiz,117,1091
President Roxas,Capiz,117,1092
Sapian,Capiz,117,1093
Sigma,Capiz,117,1094
Tapaz East,Capiz,117,1095
Tapaz West,Capiz,117,1096
Buenavista I,Guimaras,118,1097
Buenavista II,Guimaras,118,1098
San Lorenzo (Buenavista III),Guimaras,118,1099
Jordan I,Guimaras,118,1100
Jordan II,Guimaras,118,1101
Sibunag (Jordan III),Guimaras,118,1102
Nueva Valencia North,Guimaras,118,1103
Nueva Valencia South,Guimaras,118,1104
Ajuy,Iloilo,119,1105
Alimodian I,Iloilo,119,1106
Alimodian II,Iloilo,119,1107
Anilao,Iloilo,119,1108
Impasug-Ong I,Bukidnon,107,1109
Badiangan,Iloilo,119,1110
Balasan,Iloilo,119,1111
Banate,Iloilo,119,1112
Barotac Nuevo,Iloilo,119,1113
Barotac Viejo,Iloilo,119,1114
Batad,Iloilo,119,1115
Bingawan,Iloilo,119,1116
Cabatuan I,Iloilo,119,1117
Cabatuan II,Iloilo,119,1118
Calinog I,Iloilo,119,1119
Calinog II,Iloilo,119,1120
Carles,Iloilo,119,1121
Concepcion,Iloilo,119,1122
Dingle,Iloilo,119,1123
Due¤as,Iloilo,119,1124
Dumangas I,Iloilo,119,1125
Dumangas II,Iloilo,119,1126
Estancia,Iloilo,119,1127
Guimbal,Iloilo,119,1128
Igbaras,Iloilo,119,1129
Janiuay I,Iloilo,119,1130
Janiuay II,Iloilo,119,1131
Lambunao East,Iloilo,119,1132
Lambunao West,Iloilo,119,1133
Leganes,Iloilo,119,1134
Lemery,Iloilo,119,1135
Leon I,Iloilo,119,1136
Leon II,Iloilo,119,1137
Maasin,Iloilo,119,1138
Miagao East,Iloilo,119,1139
Miagao West,Iloilo,119,1140
Mina,Iloilo,119,1141
New Lucena,Iloilo,119,1142
Oton,Iloilo,119,1143
Pavia,Iloilo,119,1144
Pototan I,Iloilo,119,1145
Pototan II,Iloilo,119,1146
San Dionisio,Iloilo,119,1147
San Enrique,Iloilo,119,1148
San Joaquin South,Iloilo,119,1149
San Joaquin North,Iloilo,119,1150
San Miguel,Iloilo,119,1151
San Rafael,Iloilo,119,1152
Sara,Iloilo,119,1153
Sta. Barbara,Iloilo,119,1154
Tigbauan,Iloilo,119,1155
Tubungan,Iloilo,119,1156
Zarraga,Iloilo,119,1157
Binalbagan I,Negros Occidental,105,1158
Binalbagan II,Negros Occidental,105,1159
Calatrava I,Negros Occidental,105,1160
Calatrava II,Negros Occidental,105,1161
Candoni,Negros Occidental,105,1162
Cauayan I,Negros Occidental,105,1163
Cauayan II,Negros Occidental,105,1164
Enrique B. Magalona,Negros Occidental,105,1165
Escalante I,Escalante City,120,1166
Escalante II,Escalante City,120,1167
District 1,Himamaylan City,121,1168
District 2,Himamaylan City,121,1169
Hinigaran I,Negros Occidental,105,1170
Hinigaran II,Negros Occidental,105,1171
Hinobaan,Negros Occidental,105,1172
Ilog I,Negros Occidental,105,1173
Ilog II,Negros Occidental,105,1174
Isabela I,Negros Occidental,105,1175
Isabela II,Negros Occidental,105,1176
La Castellana I,Negros Occidental,105,1177
La Castellana II,Negros Occidental,105,1178
Manapla,Negros Occidental,105,1179
Moises Padilla,Negros Occidental,105,1180
Murcia I,Negros Occidental,105,1181
Murcia II,Negros Occidental,105,1182
Pontevedra I,Negros Occidental,105,1183
Pontevedra II,Negros Occidental,105,1184
Pulupandan,Negros Occidental,105,1185
Salvador Benedicto,Negros Occidental,105,1186
San Enrique,Negros Occidental,105,1187
District 1,Sipalay City,122,1188
District 2,Sipalay City,122,1189
Talisay I,Negros Occidental,105,1190
Talisay II,Negros Occidental,105,1191
Toboso,Negros Occidental,105,1192
Impasug-Ong II,Bukidnon,107,1193
Valladolid,Negros Occidental,105,1194
Victorias I,Victorias City,123,1195
Victorias II,Victorias City,123,1196
Bacolod City I District,Bacolod City,124,1197
Bacolod City II District,Bacolod City,124,1198
Bacolod City III District,Bacolod City,124,1199
Bacolod City IV District,Bacolod City,124,1200
Bacolod City V District,Bacolod City,124,1201
Bacolod City VI District,Bacolod City,124,1202
Bacolod City VII District,Bacolod City,124,1203
Pangantucan,Bukidnon,107,1204
Bago City I District,Bago City,125,1205
Bago City II District,Bago City,125,1206
Bago City III District,Bago City,125,1207
Bago City IV District,Bago City,125,1208
Cadiz City I District,Cadiz City,126,1209
Cadiz City II District,Cadiz City,126,1210
Cadiz City III District,Cadiz City,126,1211
Cadiz City IV District,Cadiz City,126,1212
Arevalo,Iloilo City,127,1213
City Proper,Iloilo City,127,1214
Jaro,Iloilo City,127,1215
Lapaz,Iloilo City,127,1216
Mandurriao,Iloilo City,127,1217
Molo,Iloilo City,127,1218
Montes-Lapuz,Iloilo City,127,1219
La Carlota City District   I,La Carlota City,128,1220
La Carlota City District   II,La Carlota City,128,1221
La Carlota City District   III,La Carlota City,128,1222
Roxas City District I,Roxas City,26,1223
Roxas City District III,Roxas City,26,1224
Sagay City District I,Sagay City,129,1225
Sagay City District II,Sagay City,129,1226
Sagay City District III,Sagay City,129,1227
San Carlos City District V,San Carlos City,130,1228
Silay City District I,Silay City,131,1229
Silay City District II,Silay City,131,1230
Silay City District IV,Silay City,131,1231
Silay City District III,Silay City,131,1232
Kabankalan V,Kabankalan City,132,1233
Kabankalan I,Kabankalan City,132,1234
Kabankalan II,Kabankalan City,132,1235
Kabankalan IV,Kabankalan City,132,1236
Kabankalan III,Kabankalan City,132,1237
Passi City District II (East),Passi City,20,1238
Alburquerque,Bohol,50,1239
Alicia,Bohol,50,1240
Anda,Bohol,50,1241
Antequera,Bohol,50,1242
Baclayon,Bohol,50,1243
Balilihan,Bohol,50,1244
Batuan,Bohol,50,1245
Bien Unido,Bohol,50,1246
Bilar,Bohol,50,1247
Calape,Bohol,50,1248
Candijay,Bohol,50,1249
Carmen,Bohol,50,1250
Catigbian,Bohol,50,1251
Clarin,Bohol,50,1252
Corella,Bohol,50,1253
Cortes,Bohol,50,1254
Dagohoy,Bohol,50,1255
Danao,Bohol,50,1256
Dauis,Bohol,50,1257
Dimiao,Bohol,50,1258
Duero,Bohol,50,1259
Garcia-Hernandez,Bohol,50,1260
Getafe,Bohol,50,1261
Guindulman,Bohol,50,1262
Inabanga North,Bohol,50,1263
Inabanga South,Bohol,50,1264
Jagna,Bohol,50,1265
Lila,Bohol,50,1266
Loay,Bohol,50,1267
Loboc,Bohol,50,1268
Loon North,Bohol,50,1269
Loon South,Bohol,50,1270
Mabini,Bohol,50,1271
Maribojoc,Bohol,50,1272
Panglao,Bohol,50,1273
Pilar,Bohol,50,1274
Pres. C. P. Garcia,Bohol,50,1275
Sagbayan,Bohol,50,1276
San Isidro,Bohol,50,1277
San Miguel,Bohol,50,1278
Sevilla,Bohol,50,1279
Sierra Bullones,Bohol,50,1280
Sikatuna,Bohol,50,1281
Tagbilaran City,Tagbilaran City,133,1282
Talibon I,Bohol,50,1283
Talibon II,Bohol,50,1284
Trinidad,Bohol,50,1285
Tubigon,Bohol,50,1286
Ubay I (Northeast),Bohol,50,1287
Ubay III (Southwest),Bohol,50,1288
Ubay II (East),Bohol,50,1289
Valencia,Bohol,50,1290
Alcantara,Cebu,134,1291
Alcoy,Cebu,134,1292
Alegria,Cebu,134,1293
Aloguinsan,Cebu,134,1294
Argao I,Cebu,134,1295
Argao II,Cebu,134,1296
Asturias,Cebu,134,1297
Badian,Cebu,134,1298
Balamban I,Cebu,134,1299
Balamban II,Cebu,134,1300
Bantayan I,Cebu,134,1301
Bantayan II,Cebu,134,1302
Barili I,Cebu,134,1303
Barili II,Cebu,134,1304
Bogo I,Bogo City,135,1305
Bogo III,Bogo City,135,1306
Bogo II,Bogo City,135,1307
Boljoon,Cebu,134,1308
Borbon,Cebu,134,1309
Carcar I,Carcar City,136,1310
Carcar II,Carcar City,136,1311
Carmen,Cebu,134,1312
Catmon,Cebu,134,1313
Compostela,Cebu,134,1314
Consolacion,Cebu,134,1315
Cordova,Cebu,134,1316
Daanbantayan I,Cebu,134,1317
Daanbantayan II,Cebu,134,1318
Dalaguete I,Cebu,134,1319
Dalaguete II,Cebu,134,1320
Danao City South,Danao City,137,1321
Danao City East,Danao City,137,1322
Danao City West,Danao City,137,1323
Danao City North,Danao City,137,1324
Dumanjug I,Cebu,134,1325
Dumanjug II,Cebu,134,1326
Ginatilan,Cebu,134,1327
Liloan,Cebu,134,1328
Madridejos,Cebu,134,1329
Malabuyoc,Cebu,134,1330
Medellin,Cebu,134,1331
Minglanilla I,Cebu,134,1332
Minglanilla II,Cebu,134,1333
Moalboal,Cebu,134,1334
Naga I,"City of Naga, Cebu",138,1335
Naga III,"City of Naga, Cebu",138,1336
Naga II,"City of Naga, Cebu",138,1337
Oslob,Cebu,134,1338
Pilar,Cebu,134,1339
Pinamungajan 1,Cebu,134,1340
Pinamungajan 2,Cebu,134,1341
Poro,Cebu,134,1342
Ronda,Cebu,134,1343
Samboan,Cebu,134,1344
San Fernando,Cebu,134,1345
San Francisco,Cebu,134,1346
San Remegio I,Cebu,134,1347
San Remegio II,Cebu,134,1348
Santa Fe,Cebu,134,1349
Santander,Cebu,134,1350
Sibonga,Cebu,134,1351
Sogod,Cebu,134,1352
Tabogon,Cebu,134,1353
Tabuelan,Cebu,134,1354
Talisay City I,Talisay City,139,1355
Talisay City III,Talisay City,139,1356
Talisay City II,Talisay City,139,1357
Tuburan I,Cebu,134,1358
Tuburan II,Cebu,134,1359
Tudela,Cebu,134,1360
South District 1,Cebu City,140,1361
South District 7,Cebu City,140,1362
South District 5,Cebu City,140,1363
North District 5,Cebu City,140,1364
North District 3,Cebu City,140,1365
North District 1,Cebu City,140,1366
South District 3,Cebu City,140,1367
South District 6,Cebu City,140,1368
South District 4,Cebu City,140,1369
North District 7,Cebu City,140,1370
North District 8,Cebu City,140,1371
North District 4,Cebu City,140,1372
North District 6,Cebu City,140,1373
South District 2,Cebu City,140,1374
South District 8,Cebu City,140,1375
North District 2,Cebu City,140,1376
Dumaguete City North District,Dumaguete City,141,1377
Dumaguete City West District,Dumaguete City,141,1378
Dumaguete City South District,Dumaguete City,141,1379
Lapu-Lapu City East District,Lapu-Lapu City,142,1380
Lapu-Lapu City North District,Lapu-Lapu City,142,1381
Lapu-Lapu City South District,Lapu-Lapu City,142,1382
Lapu-Lapu City West District,Lapu-Lapu City,142,1383
Mandaue City Central District,Mandaue City,143,1384
Mandaue City North District,Mandaue City,143,1385
Mandaue City South District,Mandaue City,143,1386
Mandaue City West District,Mandaue City,143,1387
Amlan,Negros Oriental,144,1388
Ayungon,Negros Oriental,144,1389
Bacong,Negros Oriental,144,1390
Bais City North,Bais City,145,1391
Bais City South,Bais City,145,1392
Basay,Bayawan City,146,1393
Bayawan East,Bayawan City,146,1394
Bayawan West,Bayawan City,146,1395
Bindoy,Negros Oriental,144,1396
Canlaon City,Canlaon City,147,1397
Dauin,Negros Oriental,144,1398
Guihulngan North,Guihulngan City,148,1399
Guihulngan South,Guihulngan City,148,1400
Jimalalud,Negros Oriental,144,1401
La Libertad,Negros Oriental,144,1402
Mabinay I,Negros Oriental,144,1403
Mabinay II,Negros Oriental,144,1404
Manjuyod,Negros Oriental,144,1405
Pamplona District,Tanjay City,149,1406
San Jose,Negros Oriental,144,1407
Siaton East,Negros Oriental,144,1408
Siaton West,Negros Oriental,144,1409
Sibulan,Negros Oriental,144,1410
Sta. Catalina North,Negros Oriental,144,1411
Sta. Catalina South,Negros Oriental,144,1412
Tanjay City West,Tanjay City,149,1413
Tanjay City North,Tanjay City,149,1414
Tanjay City South,Tanjay City,149,1415
Tayasan,Negros Oriental,144,1416
Valencia,Negros Oriental,144,1417
Vallehermoso,Guihulngan City,148,1418
Zamboanguita,Negros Oriental,144,1419
Larena,Siquijor,150,1420
Maria,Siquijor,150,1421
Lazi,Siquijor,150,1422
Siquijor,Siquijor,150,1423
San Juan,Siquijor,150,1424
Toledo City East District,Toledo City,151,1425
Toledo City North District,Toledo City,151,1426
Toledo City South District,Toledo City,151,1427
Toledo City West District,Toledo City,151,1428
Almeria,Biliran,152,1429
Biliran,Biliran,152,1430
Cabucgayan,Biliran,152,1431
Caibiran,Biliran,152,1432
Culaba,Biliran,152,1433
Kawayan,Biliran,152,1434
Maripipi,Biliran,152,1435
Naval North,Biliran,152,1436
Naval South,Biliran,152,1437
Abuyog East,Leyte,153,1438
Abuyog North,Leyte,153,1439
Abuyog South,Leyte,153,1440
Alangalang I,Leyte,153,1441
Alangalang II,Leyte,153,1442
Albuera North,Leyte,153,1443
Albuera South,Leyte,153,1444
Babatngon,Leyte,153,1445
Barugo I,Leyte,153,1446
Barugo II,Leyte,153,1447
Bato,Leyte,153,1448
Baybay I,Baybay City,154,1449
Pangantucan South District,Bukidnon,107,1450
Baybay II,Baybay City,154,1451
Baybay III,Baybay City,154,1452
Baybay IV,Baybay City,154,1453
Burauen North,Leyte,153,1454
Burauen South,Leyte,153,1455
Calubian North,Leyte,153,1456
Calubian South,Leyte,153,1457
Capoocan,Leyte,153,1458
Carigara I,Leyte,153,1459
Carigara II,Leyte,153,1460
Dagami North,Leyte,153,1461
Dagami South,Leyte,153,1462
Dulag North,Leyte,153,1463
Dulag South,Leyte,153,1464
Hilongos North,Leyte,153,1465
Hilongos South,Leyte,153,1466
Hindang,Leyte,153,1467
Inopacan,Leyte,153,1468
Isabel,Leyte,153,1469
Jaro I,Leyte,153,1470
Jaro II,Leyte,153,1471
Javier,Leyte,153,1472
Julita,Leyte,153,1473
Kananga II,Leyte,153,1474
Kananga I,Leyte,153,1475
La Paz,Leyte,153,1476
Leyte I,Leyte,153,1477
Leyte II,Leyte,153,1478
Macarthur,Leyte,153,1479
Mahaplag,Leyte,153,1480
Lantapan,Bukidnon,107,1481
Matag-Ob,Leyte,153,1482
Matalom North,Leyte,153,1483
Matalom South,Leyte,153,1484
Mayorga,Leyte,153,1485
Merida,Leyte,153,1486
Palo I,Leyte,153,1487
Palo II,Leyte,153,1488
Palompon North,Leyte,153,1489
Palompon South,Leyte,153,1490
Pastrana,Leyte,153,1491
San Isidro,Leyte,153,1492
San Miguel,Leyte,153,1493
Sta. Fe,Leyte,153,1494
Tabango North,Leyte,153,1495
Tabango South,Leyte,153,1496
Tabontabon,Leyte,153,1497
Tanauan I,Leyte,153,1498
Tanauan II,Leyte,153,1499
Tolosa,Leyte,153,1500
Tunga,Leyte,153,1501
Villaba North,Leyte,153,1502
Villaba South,Leyte,153,1503
Bontoc II,Southern Leyte,155,1504
Bontoc I,Southern Leyte,155,1505
Hinunangan,Southern Leyte,155,1506
Silago,Southern Leyte,155,1507
Hinundayan,Southern Leyte,155,1508
Anahawan,Southern Leyte,155,1509
Libagon,Southern Leyte,155,1510
Liloan,Southern Leyte,155,1511
San Francisco,Southern Leyte,155,1512
Maasin City III,Maasin City,156,1513
Maasin City IV,Maasin City,156,1514
Maasin City I,Maasin City,156,1515
Maasin City II,Maasin City,156,1516
Macrohon,Southern Leyte,155,1517
Malitbog,Southern Leyte,155,1518
Padre Burgos,Southern Leyte,155,1519
Limasawa,Southern Leyte,155,1520
San Ricardo,Southern Leyte,155,1521
Pintuyan,Southern Leyte,155,1522
San Juan (Cabalian),Southern Leyte,155,1523
Sogod II,Southern Leyte,155,1524
Sogod I,Southern Leyte,155,1525
St. Bernard,Southern Leyte,155,1526
Tomas Oppus,Southern Leyte,155,1527
Arteche,Eastern Samar,157,1528
Balangiga-Lawaan,Eastern Samar,157,1529
Lawaan,Eastern Samar,157,1530
Borongan East,Borongan City,158,1531
Borongan North,Borongan City,158,1532
Borongan South,Borongan City,158,1533
Can-Avid,Eastern Samar,157,1534
Dolores I,Eastern Samar,157,1535
Dolores II,Eastern Samar,157,1536
Maslog,Eastern Samar,157,1537
General Macarthur-Hernani,Eastern Samar,157,1538
Hernani,Eastern Samar,157,1539
Giporlos,Eastern Samar,157,1540
Guiuan East,Eastern Samar,157,1541
Guiuan North,Eastern Samar,157,1542
Mercedes,Eastern Samar,157,1543
Guiuan South,Eastern Samar,157,1544
Jipapad,Eastern Samar,157,1545
Llorente,Eastern Samar,157,1546
Balangkayan,Eastern Samar,157,1547
Maydolong,Eastern Samar,157,1548
Oras East,Eastern Samar,157,1549
Oras West,Eastern Samar,157,1550
Quinapundan,Eastern Samar,157,1551
Salcedo I,Eastern Samar,157,1552
Salcedo II,Eastern Samar,157,1553
San Julian,Eastern Samar,157,1554
San Policarpo,Eastern Samar,157,1555
Sulat,Eastern Samar,157,1556
Taft,Eastern Samar,157,1557
Allen,Northern Samar,159,1558
Biri,Northern Samar,159,1559
Bobon,Northern Samar,159,1560
Capul,Northern Samar,159,1561
Catarman III,Northern Samar,159,1562
Catarman II,Northern Samar,159,1563
Catarman I,Northern Samar,159,1564
Catarman IV,Northern Samar,159,1565
Catubig I,Northern Samar,159,1566
Catubig II,Northern Samar,159,1567
Gamay I,Northern Samar,159,1568
Gamay II,Northern Samar,159,1569
Laoang I,Northern Samar,159,1570
Laoang III,Northern Samar,159,1571
Laoang II,Northern Samar,159,1572
Lapinig,Northern Samar,159,1573
Las Navas II,Northern Samar,159,1574
Las Navas I,Northern Samar,159,1575
Lavezares II,Northern Samar,159,1576
Lavezares I,Northern Samar,159,1577
Lope De Vega,Northern Samar,159,1578
Mapanas,Northern Samar,159,1579
Mondragon II,Northern Samar,159,1580
Mondragon I,Northern Samar,159,1581
Palapag I,Northern Samar,159,1582
Palapag II,Northern Samar,159,1583
Pambujan I,Northern Samar,159,1584
Pambujan II,Northern Samar,159,1585
Rosario,Northern Samar,159,1586
San Antonio,Northern Samar,159,1587
San Isidro,Northern Samar,159,1588
San Jose,Northern Samar,159,1589
San Roque,Northern Samar,159,1590
San Vicente,Northern Samar,159,1591
Silvino Lubos,Northern Samar,159,1592
Victoria,Northern Samar,159,1593
Almagro,Samar (Western Samar),160,1594
Basey I,Samar (Western Samar),160,1595
Basey II,Samar (Western Samar),160,1596
Calbiga,Samar (Western Samar),160,1597
Catbalogan I,Catbalogan City,161,1598
Catbalogan III,Catbalogan City,161,1599
Catbalogan II,Catbalogan City,161,1600
Catbalogan V,Catbalogan City,161,1601
Catbalogan IV,Catbalogan City,161,1602
Daram I,Samar (Western Samar),160,1603
Daram II,Samar (Western Samar),160,1604
Gandara I,Samar (Western Samar),160,1605
Gandara II - Matuguinao,Samar (Western Samar),160,1606
Hinabangan,Samar (Western Samar),160,1607
Jiabong,Samar (Western Samar),160,1608
Marabut,Samar (Western Samar),160,1609
Motiong,Samar (Western Samar),160,1610
Pagsanghan,Samar (Western Samar),160,1611
Pinabacdao,Samar (Western Samar),160,1612
San Jorge,Samar (Western Samar),160,1613
San Sebastian,Samar (Western Samar),160,1614
Sta. Margarita I,Samar (Western Samar),160,1615
Sta. Margarita II,Samar (Western Samar),160,1616
Sta. Rita I,Samar (Western Samar),160,1617
Sta. Rita II,Samar (Western Samar),160,1618
Sto. Nino,Samar (Western Samar),160,1619
Tagapul-an,Samar (Western Samar),160,1620
Tarangnan,Samar (Western Samar),160,1621
Villareal I,Samar (Western Samar),160,1622
Villareal II,Samar (Western Samar),160,1623
Talalora,Samar (Western Samar),160,1624
Wright I,Samar (Western Samar),160,1625
Wright II -San Jose De Buan,Samar (Western Samar),160,1626
Zumarraga,Samar (Western Samar),160,1627
Calbayog District I,Calbayog City,162,1628
Calbayog District III,Calbayog City,162,1629
Calbayog District IV,Calbayog City,162,1630
Calbayog District II,Calbayog City,162,1631
Calbayog District V,Calbayog City,162,1632
Tinambacan District I,Calbayog City,162,1633
Oquendo District I,Calbayog City,162,1634
Oquendo District II,Calbayog City,162,1635
Tinambacan District II,Calbayog City,162,1636
Tinambacan District III,Calbayog City,162,1637
Ormoc I,Ormoc City,163,1638
Ormoc IV,Ormoc City,163,1639
Ormoc II,Ormoc City,163,1640
Ormoc VI,Ormoc City,163,1641
Ormoc V,Ormoc City,163,1642
Ormoc III,Ormoc City,163,1643
District Learning Center II,Tacloban City,41,1644
District Learning Center V,Tacloban City,41,1645
District Learning Center IV,Tacloban City,41,1646
District Learning Center VI,Tacloban City,41,1647
District Learning Center III,Tacloban City,41,1648
Baliguian,Zamboanga del Norte,164,1649
Godod,Zamboanga del Norte,164,1650
Gutalac I,Zamboanga del Norte,164,1651
Gutalac II,Zamboanga del Norte,164,1652
Ponot (Jose Dalman),Zamboanga del Norte,164,1653
Kalawit,Zamboanga del Norte,164,1654
Katipunan I,Zamboanga del Norte,164,1655
Katipunan II,Zamboanga del Norte,164,1656
La Libertad,Zamboanga del Norte,164,1657
Labason,Zamboanga del Norte,164,1658
Bacungan (Leon Postigo),Zamboanga del Norte,164,1659
Liloy I,Zamboanga del Norte,164,1660
Liloy II,Zamboanga del Norte,164,1661
Roxas I (Manuel A. Roxas),Zamboanga del Norte,164,1662
Roxas II (Manuel A. Roxas),Zamboanga del Norte,164,1663
Manukan I,Zamboanga del Norte,164,1664
Manukan II,Zamboanga del Norte,164,1665
Mutia,Zamboanga del Norte,164,1666
Piñan,Zamboanga del Norte,164,1667
Polanco I,Zamboanga del Norte,164,1668
Polanco II,Zamboanga del Norte,164,1669
Rizal,Zamboanga del Norte,164,1670
Salug I,Zamboanga del Norte,164,1671
Salug II,Zamboanga del Norte,164,1672
Sergio Osmeña I,Zamboanga del Norte,164,1673
Sergio Osmeña II,Zamboanga del Norte,164,1674
Siayan,Zamboanga del Norte,164,1675
Sibuco,Zamboanga del Norte,164,1676
Sibutad,Zamboanga del Norte,164,1677
Sindangan Central,Zamboanga del Norte,164,1678
Sindangan North,Zamboanga del Norte,164,1679
Sindangan South,Zamboanga del Norte,164,1680
Siocon,Zamboanga del Norte,164,1681
Sirawai,Zamboanga del Norte,164,1682
Tampilisan,Zamboanga del Norte,164,1683
Aurora East,Zamboanga del Sur,165,1684
Aurora West,Zamboanga del Sur,165,1685
Bayog,Zamboanga del Sur,165,1686
Dimataling,Zamboanga del Sur,165,1687
Dinas,Zamboanga del Sur,165,1688
Dumalinao,Zamboanga del Sur,165,1689
Dumingag I,Zamboanga del Sur,165,1690
Dumingag II,Zamboanga del Sur,165,1691
Guipos,Zamboanga del Sur,165,1692
Josefina,Zamboanga del Sur,165,1693
Kumalarang,Zamboanga del Sur,165,1694
Labangan I,Zamboanga del Sur,165,1695
Labangan II,Zamboanga del Sur,165,1696
Lakewood,Zamboanga del Sur,165,1697
Lapuyan,Zamboanga del Sur,165,1698
Mahayag North,Zamboanga del Sur,165,1699
Mahayag South,Zamboanga del Sur,165,1700
Margosatubig,Zamboanga del Sur,165,1701
Midsalip,Zamboanga del Sur,165,1702
Molave East,Zamboanga del Sur,165,1703
Molave West,Zamboanga del Sur,165,1704
Pitogo,Zamboanga del Sur,165,1705
Ramon Magsaysay,Zamboanga del Sur,165,1706
San Miguel,Zamboanga del Sur,165,1707
San Pablo,Zamboanga del Sur,165,1708
Sominot,Zamboanga del Sur,165,1709
Tabina,Zamboanga del Sur,165,1710
Tambulig,Zamboanga del Sur,165,1711
Tigbao,Zamboanga del Sur,165,1712
Tukuran East,Zamboanga del Sur,165,1713
Tukuran West,Zamboanga del Sur,165,1714
Vincenzo Sagun,Zamboanga del Sur,165,1715
Alicia,Zamboanga Sibugay,166,1716
Buug,Zamboanga Sibugay,166,1717
Diplahan,Zamboanga Sibugay,166,1718
Imelda,Zamboanga Sibugay,166,1719
Ipil,Zamboanga Sibugay,166,1720
Kabasalan,Zamboanga Sibugay,166,1721
Mabuhay,Zamboanga Sibugay,166,1722
Malangas,Zamboanga Sibugay,166,1723
Naga,Zamboanga Sibugay,166,1724
Olutanga,Zamboanga Sibugay,166,1725
Payao,Zamboanga Sibugay,166,1726
R.T. Lim,Zamboanga Sibugay,166,1727
Siay,Zamboanga Sibugay,166,1728
Talusan,Zamboanga Sibugay,166,1729
Titay,Zamboanga Sibugay,166,1730
Tungawan,Zamboanga Sibugay,166,1731
Barcelona,Dapitan City,167,1732
Baylimango,Dapitan City,167,1733
Dapitan Central,Dapitan City,167,1734
Potungan,Dapitan City,167,1735
Sulangon,Dapitan City,167,1736
Dipolog City East,Dipolog City,168,1737
Dipolog City West,Dipolog City,168,1738
Dipolog City North,Dipolog City,168,1739
Dipolog City South,Dipolog City,168,1740
Isabela City East District,Isabela City,106,1741
Isabela City West District,Isabela City,106,1742
Isabela City Island District,Isabela City,106,1743
Pagadian City Central District,Pagadian City,169,1744
Pagadian City East District,Pagadian City,169,1745
Pagadian City North District,Pagadian City,169,1746
Pagadian City South District,Pagadian City,169,1747
Pagadian City West District,Pagadian City,169,1748
Ayala,Zamboanga City,170,1749
Baliwasan,Zamboanga City,170,1750
Curuan,Zamboanga City,170,1751
Labuan,Zamboanga City,170,1752
Manicahan,Zamboanga City,170,1753
Mercedes,Zamboanga City,170,1754
Talon-Talon,Zamboanga City,170,1755
Putik,Zamboanga City,170,1756
Tetuan,Zamboanga City,170,1757
Zamboanga Central District,Zamboanga City,170,1758
Sta. Maria,Zamboanga City,170,1759
Vitali,Zamboanga City,170,1760
Baungon,Bukidnon,107,1761
Dangcagan,Bukidnon,107,1762
Don Carlos II,Bukidnon,107,1763
Don Carlos I,Bukidnon,107,1764
Kalilangan,Bukidnon,107,1765
Kibawe,Bukidnon,107,1766
Kitaotao I,Bukidnon,107,1767
Libona,Bukidnon,107,1768
Malaybalay City District IX,Malaybalay City,49,1769
Malaybalay City District VI,Malaybalay City,49,1770
Malaybalay City District VIII,Malaybalay City,49,1771
Malaybalay City District V,Malaybalay City,49,1772
Quezon II,Bukidnon,107,1773
Malaybalay City District VII,Malaybalay City,49,1774
Malaybalay City District IV,Malaybalay City,49,1775
Malaybalay City District III,Malaybalay City,49,1776
Manolo Fortich I,Bukidnon,107,1777
Maramag I,Bukidnon,107,1778
Quezon I,Bukidnon,107,1779
Sumilao,Bukidnon,107,1780
Talakag I,Bukidnon,107,1781
District II,Valencia City,171,1782
District V,Valencia City,171,1783
District III,Valencia City,171,1784
District IV,Valencia City,171,1785
District VI,Valencia City,171,1786
District I,Valencia City,171,1787
District VII,Valencia City,171,1788
Catarman,Camiguin,172,1789
Mahinog,Camiguin,172,1790
Mambajao,Camiguin,172,1791
Sagay-Guinsiliban,Camiguin,172,1792
Bacolod,Lanao del Norte,173,1793
Baloi East,Lanao del Norte,173,1794
Baloi West,Lanao del Norte,173,1795
Baroy,Lanao del Norte,173,1796
Kapatagan East,Lanao del Norte,173,1797
Kapatagan West,Lanao del Norte,173,1798
Sultan Naga Dimaporo,Lanao del Norte,173,1799
Kauswagan,Lanao del Norte,173,1800
Tangkal,Lanao del Norte,173,1801
Kolambugan,Lanao del Norte,173,1802
Lala North,Lanao del Norte,173,1803
Lala South,Lanao del Norte,173,1804
Linamon,Lanao del Norte,173,1805
Magsaysay,Lanao del Norte,173,1806
Maigo,Lanao del Norte,173,1807
Munai,Lanao del Norte,173,1808
Matungao,Lanao del Norte,173,1809
Poonapiagapo,Lanao del Norte,173,1810
Pantao-Ragat,Lanao del Norte,173,1811
Pantar,Lanao del Norte,173,1812
Salvador,Lanao del Norte,173,1813
Sapad - Nunungan,Lanao del Norte,173,1814
Tagoloan,Lanao del Norte,173,1815
Tubod East,Lanao del Norte,173,1816
Tubod West,Lanao del Norte,173,1817
Aloran,Misamis Occidental,174,1818
Baliangao,Misamis Occidental,174,1819
Bonifacio West,Misamis Occidental,174,1820
Bonifacio East,Misamis Occidental,174,1821
Calamba,Misamis Occidental,174,1822
Clarin North,Misamis Occidental,174,1823
Clarin South,Misamis Occidental,174,1824
Concepcion,Misamis Occidental,174,1825
Don Victoriano,Misamis Occidental,174,1826
Jimenez,Misamis Occidental,174,1827
Lopez Jaena,Misamis Occidental,174,1828
Valenzuela City East District,Valenzuela City,175,1829
Northwest District,Oroquieta City,176,1830
Central District I,Oroquieta City,176,1831
Southeast District II,Oroquieta City,176,1832
Southeast District I,Oroquieta City,176,1833
Southwest District,Oroquieta City,176,1834
Central District II,Oroquieta City,176,1835
Panaon,Misamis Occidental,174,1836
Plaridel North,Misamis Occidental,174,1837
Plaridel South,Misamis Occidental,174,1838
Sapang Dalaga,Misamis Occidental,174,1839
Sinacaban,Misamis Occidental,174,1840
Tudela,Misamis Occidental,174,1841
Alubijid,Misamis Oriental,177,1842
Balingasag South (Balingasag District),Misamis Oriental,177,1843
Balingasag North (Balingasag District),Misamis Oriental,177,1844
Claveria I (Claveria District),Misamis Oriental,177,1845
Claveria II (Claveria District),Misamis Oriental,177,1846
District II,El Salvador,178,1847
District I,El Salvador,178,1848
Initao,Misamis Oriental,177,1849
Jasaan,Misamis Oriental,177,1850
Sugbongcogon,Misamis Oriental,177,1851
Kinoguitan,Misamis Oriental,177,1852
Lagonglong,Misamis Oriental,177,1853
Libertad,Misamis Oriental,177,1854
Magsaysay II (Magsaysay District),Misamis Oriental,177,1855
Magsaysay I (Magsaysay District),Misamis Oriental,177,1856
Manticao,Misamis Oriental,177,1857
Medina,Misamis Oriental,177,1858
Opol,Misamis Oriental,177,1859
Lamitan South,Lamitan City,179,1860
Salay,Misamis Oriental,177,1861
Tagoloan,Misamis Oriental,177,1862
Talisayan,Misamis Oriental,177,1863
Villanueva,Misamis Oriental,177,1864
Laguindingan,Misamis Oriental,177,1865
Lugait,Misamis Oriental,177,1866
Naawan,Misamis Oriental,177,1867
Cagayan de Oro City Central I District,Cagayan de Oro City,180,1868
Cagayan de Oro City East I District,Cagayan de Oro City,180,1869
Cagayan de Oro City South District,Cagayan de Oro City,180,1870
Cagayan de Oro City East II District,Cagayan de Oro City,180,1871
Cagayan de Oro City North I District,Cagayan de Oro City,180,1872
Cagayan de Oro City North II District,Cagayan de Oro City,180,1873
Cagayan de Oro City Southwest District I,Cagayan de Oro City,180,1874
Cagayan de Oro City Southwest District II,Cagayan de Oro City,180,1875
Cagayan de Oro City West I District,Cagayan de Oro City,180,1876
Cagayan de Oro City West II District,Cagayan de Oro City,180,1877
Gingoog City East-2 District,Gingoog City,99,1878
Gingoog City North-2 District,Gingoog City,99,1879
Gingoog City North-1 District,Gingoog City,99,1880
Gingoog City South-2 District,Gingoog City,99,1881
Gingoog City South-1 District,Gingoog City,99,1882
Gingoog City West-2 District,Gingoog City,99,1883
Gingoog City West-1 District,Gingoog City,99,1884
Iligan City East II District,Iligan City,54,1885
Iligan City Central District,Iligan City,54,1886
Iligan City Northeast I - A District,Iligan City,54,1887
Iligan City Northeast I - B District,Iligan City,54,1888
Iligan City Northeast II - A District,Iligan City,54,1889
Iligan City Northeast II - B District,Iligan City,54,1890
Iligan City North I District,Iligan City,54,1891
Iligan City North II District,Iligan City,54,1892
Iligan City South I - A District,Iligan City,54,1893
Iligan City South I - B District,Iligan City,54,1894
Iligan City South II District,Iligan City,54,1895
Iligan City West District,Iligan City,54,1896
Ozamis City District I,Ozamis City,181,1897
Ozamis City Central District,Ozamis City,181,1898
Ozamis City District II,Ozamis City,181,1899
Ozamis City District III,Ozamis City,181,1900
Ozamis City District IV,Ozamis City,181,1901
Tangub Central District,Tangub City,182,1902
Tangub South District,Tangub City,182,1903
Tangub North District,Tangub City,182,1904
Tangub Southwest District,Tangub City,182,1905
Compostela,Davao De Oro,37,1906
Laak,Davao De Oro,37,1907
Mabini,Davao De Oro,37,1908
Maco North,Davao De Oro,37,1909
Maco South,Davao De Oro,37,1910
Maragusan,Davao De Oro,37,1911
Mawab,Davao De Oro,37,1912
Moncayo,Davao De Oro,37,1913
Montevista,Davao De Oro,37,1914
Nabunturan East,Davao De Oro,37,1915
Nabunturan West,Davao De Oro,37,1916
Pantukan,Davao De Oro,37,1917
Asuncion,Davao del Norte,31,1918
San Isidro,Davao del Norte,31,1919
Babak,Island Garden City of Samal,183,1920
Braulio Dujali,Davao del Norte,31,1921
Carmen,Davao del Norte,31,1922
Kapalong East,Davao del Norte,31,1923
Kaputian,Island Garden City of Samal,183,1924
New Corella,Davao del Norte,31,1925
Samal,Island Garden City of Samal,183,1926
Sto. Tomas East,Davao del Norte,31,1927
Sto. Tomas West,Davao del Norte,31,1928
Tagum City Central,Tagum City,184,1929
Tagum City North,Tagum City,184,1930
Tagum City South,Tagum City,184,1931
Bansalan East,Davao del Sur,185,1932
Bansalan West,Davao del Sur,185,1933
Don Marcelino,Davao Occidental,90,1934
Hagonoy I,Davao del Sur,185,1935
Hagonoy II,Davao del Sur,185,1936
Jose Abad Santos I,Davao Occidental,90,1937
Jose Abad Santos II,Davao Occidental,90,1938
Kiblawan,Davao del Sur,185,1939
Magsaysay North,Davao del Sur,185,1940
Magsaysay South,Davao del Sur,185,1941
Malalag,Davao del Sur,185,1942
Malita West,Davao Occidental,90,1943
Malita North,Davao Occidental,90,1944
Malita East,Davao Occidental,90,1945
Malita South,Davao Occidental,90,1946
Matanao I,Davao del Sur,185,1947
Matanao II,Davao del Sur,185,1948
Padada,Davao del Sur,185,1949
Sarangani,Davao Occidental,90,1950
Sta. Cruz North,Davao del Sur,185,1951
Sta. Cruz South,Davao del Sur,185,1952
Sta. Maria East,Davao Occidental,90,1953
Sta. Maria West,Davao Occidental,90,1954
Sulop,Davao del Sur,185,1955
Baganga South,Davao Oriental,44,1956
Banaybanay,Davao Oriental,44,1957
Boston,Davao Oriental,44,1958
Caraga North,Davao Oriental,44,1959
Sta. Ana,Davao City,81,1960
Cateel I,Davao Oriental,44,1961
Cateel II,Davao Oriental,44,1962
Gov. Generoso North,Davao Oriental,44,1963
Gov. Generoso South,Davao Oriental,44,1964
Lupon East,Davao Oriental,44,1965
Lupon West,Davao Oriental,44,1966
Manay,Davao Oriental,44,1967
Mati Central,Mati City,28,1968
San Isidro North,Davao Oriental,44,1969
Tarragona,Davao Oriental,44,1970
Baguio,Davao City,81,1971
Tibungco,Davao City,81,1972
Bangoy,Davao City,81,1973
Binugao,Davao City,81,1974
Buhangin,Davao City,81,1975
Bunawan,Davao City,81,1976
Calinan,Davao City,81,1977
Daliaon,Davao City,81,1978
Davao Central,Davao City,81,1979
General Roxas,Davao City,81,1980
Matina,Davao City,81,1981
Maa,Davao City,81,1982
Paquibato,Davao City,81,1983
Piedad,Davao City,81,1984
San Roque,Davao City,81,1985
Talomo,Davao City,81,1986
Tugbok,Davao City,81,1987
Digos Occidental,Digos City,186,1988
Digos Oriental,Digos City,186,1989
Mt. Apo,Digos City,186,1990
Panabo Central,Panabo City,187,1991
Panabo North,Panabo City,187,1992
Panabo South,Panabo City,187,1993
Alamada East,North Cotabato,13,1994
Alamada West,North Cotabato,13,1995
Alamada North,North Cotabato,13,1996
Aleosan East,North Cotabato,13,1997
Aleosan West,North Cotabato,13,1998
Aleosan West,Special Geographic Area Division,48,1999
Aleosan East,Special Geographic Area Division,48,2000
Antipas,North Cotabato,13,2001
Arakan East,North Cotabato,13,2002
Arakan North,North Cotabato,13,2003
Arakan West,North Cotabato,13,2004
Gen. S. K. Pendatun,Maguindanao I,11,2005
Banisilan South,North Cotabato,13,2006
Banisilan North,North Cotabato,13,2007
Carmen North,Special Geographic Area Division,48,2008
Carmen South,North Cotabato,13,2009
(No District) - For SGA Division,Special Geographic Area Division,48,2010
Kabacan North,North Cotabato,13,2011
Datu Paglas East,Maguindanao I,11,2012
Kabacan North,Special Geographic Area Division,48,2013
Kabacan South,North Cotabato,13,2014
Kabacan West,Special Geographic Area Division,48,2015
Kabacan West,North Cotabato,13,2016
Magpet West,North Cotabato,13,2017
Makilala North,North Cotabato,13,2018
Makilala East,North Cotabato,13,2019
Matalam North,North Cotabato,13,2020
Matalam West,North Cotabato,13,2021
Matalam Central,North Cotabato,13,2022
Matalam South,North Cotabato,13,2023
Midsayap South-West,North Cotabato,13,2024
Midsayap Central,North Cotabato,13,2025
Midsayap North,North Cotabato,13,2026
Midsayap North,Special Geographic Area Division,48,2027
Midsayap South,North Cotabato,13,2028
Midsayap West,Special Geographic Area Division,48,2029
Midsayap South-West,Special Geographic Area Division,48,2030
Midsayap West,North Cotabato,13,2031
M'Lang  East,North Cotabato,13,2032
M'Lang Central,North Cotabato,13,2033
M'Lang North,North Cotabato,13,2034
M'Lang South,North Cotabato,13,2035
Pigcawayan North,North Cotabato,13,2036
Pigcawayan North,Special Geographic Area Division,48,2037
Pigcawayan South,North Cotabato,13,2038
Pigcawayan West,Special Geographic Area Division,48,2039
Pigcawayan West,North Cotabato,13,2040
Pikit East,North Cotabato,13,2041
Pikit North,North Cotabato,13,2042
Pikit East,Special Geographic Area Division,48,2043
Pikit North,Special Geographic Area Division,48,2044
Pikit South,Special Geographic Area Division,48,2045
Pikit South,North Cotabato,13,2046
Pikit West,Special Geographic Area Division,48,2047
Tampakan,South Cotabato,5,2048
San Agustin,Surigao del Sur,188,2049
Pikit West,North Cotabato,13,2050
President Roxas North,North Cotabato,13,2051
President Roxas South,North Cotabato,13,2052
President Roxas Central,North Cotabato,13,2053
Tulunan North,North Cotabato,13,2054
Tulunan East,North Cotabato,13,2055
East Alabel,Sarangani,32,2056
Central Glan,Sarangani,32,2057
East Kiamba,Sarangani,32,2058
West Maasim,Sarangani,32,2059
Malapatan I,Sarangani,32,2060
North Malungon,Sarangani,32,2061
East Malungon,Sarangani,32,2062
West Malungon,Sarangani,32,2063
Banga East,South Cotabato,5,2064
Banga North,South Cotabato,5,2065
Banga South,South Cotabato,5,2066
Lake Sebu West,South Cotabato,5,2067
Alegria,Surigao del Norte,189,2068
Norala,South Cotabato,5,2069
Rosario I,Agusan del Sur,190,2070
Sto. Niño,South Cotabato,5,2071
Surallah Central,South Cotabato,5,2072
Surallah North,South Cotabato,5,2073
Surallah South,South Cotabato,5,2074
T ' Boli West,South Cotabato,5,2075
Tantangan,South Cotabato,5,2076
Tupi North,South Cotabato,5,2077
Tupi South,South Cotabato,5,2078
Bagumbayan I,Sultan Kudarat,25,2079
Bagumbayan II,Sultan Kudarat,25,2080
Bagumbayan III,Sultan Kudarat,25,2081
San Quintin,Abra,18,2082
Columbio II,Sultan Kudarat,25,2083
Columbio I,Sultan Kudarat,25,2084
Esperanza III,Sultan Kudarat,25,2085
Esperanza I,Sultan Kudarat,25,2086
Esperanza II,Sultan Kudarat,25,2087
Isulan East,Sultan Kudarat,25,2088
Isulan Central,Sultan Kudarat,25,2089
Isulan South,Sultan Kudarat,25,2090
Isulan West,Sultan Kudarat,25,2091
Kalamansig I,Sultan Kudarat,25,2092
Kulaman II,Sultan Kudarat,25,2093
Lambayong I,Sultan Kudarat,25,2094
Lambayong II,Sultan Kudarat,25,2095
Lambayong III,Sultan Kudarat,25,2096
Lebak East,Sultan Kudarat,25,2097
Lebak West,Sultan Kudarat,25,2098
Lutayan II,Sultan Kudarat,25,2099
Lutayan I,Sultan Kudarat,25,2100
Palimbang I,Sultan Kudarat,25,2101
Palimbang II,Sultan Kudarat,25,2102
Pres. Quirino North,Sultan Kudarat,25,2103
Pres. Quirino South,Sultan Kudarat,25,2104
Tacurong East,Tacurong City,191,2105
Tacurong Central,Tacurong City,191,2106
Tacurong North,Tacurong City,191,2107
Tacurong South,Tacurong City,191,2108
Tacurong West,Tacurong City,191,2109
Cotabato City District I,Cotabato City,192,2110
Cotabato City District IV,Cotabato City,192,2111
Cotabato City District VIII,Cotabato City,192,2112
Cotabato City District II,Cotabato City,192,2113
Cotabato City District VI,Cotabato City,192,2114
Cotabato City District III,Cotabato City,192,2115
Cotabato City District V,Cotabato City,192,2116
Cotabato City District VII,Cotabato City,192,2117
Conel,General Santos City,193,2118
General Santos City South District,General Santos City,193,2119
General Santos City North District,General Santos City,193,2120
Acharon,General Santos City,193,2121
General Santos City West District,General Santos City,193,2122
Labangal,General Santos City,193,2123
Apopong,General Santos City,193,2124
Bula,General Santos City,193,2125
Buayan,General Santos City,193,2126
South Fatima,General Santos City,193,2127
Tambler,General Santos City,193,2128
Cahilsot,General Santos City,193,2129
Katangawan,General Santos City,193,2130
Pedro Acharon,General Santos City,193,2131
North Fatima,General Santos City,193,2132
Kidapawan City District I,Kidapawan City,194,2133
Kidapawan City District II,Kidapawan City,194,2134
Kidapawan City District III,Kidapawan City,194,2135
Kidapawan City District IV,Kidapawan City,194,2136
Kidapawan City District V,Kidapawan City,194,2137
Koronadal East District II,Koronadal City,16,2138
Koronadal East District I,Koronadal City,16,2139
Koronadal South District I,Koronadal City,16,2140
Koronadal South District II,Koronadal City,16,2141
Koronadal West District I,Koronadal City,16,2142
Carmen,Agusan del Norte,195,2143
Jabonga II,Agusan del Norte,195,2144
Jabonga I,Agusan del Norte,195,2145
Kitcharao,Agusan del Norte,195,2146
Las Nieves East,Agusan del Norte,195,2147
Las Nieves West,Agusan del Norte,195,2148
Magallanes,Agusan del Norte,195,2149
Nasipit West,Agusan del Norte,195,2150
Nasipit East,Agusan del Norte,195,2151
Buenavista II,Agusan del Norte,195,2152
Buenavista III,Agusan del Norte,195,2153
Buenavista I,Agusan del Norte,195,2154
Southeast Cabadbaran,Cabadbaran City,196,2155
North Cabadbaran,Cabadbaran City,196,2156
Northwest Cabadbaran,Cabadbaran City,196,2157
R.T. Romualdez,Agusan del Norte,195,2158
Santiago,Agusan del Norte,195,2159
Buenavista IV,Agusan del Norte,195,2160
South Cabadbaran,Cabadbaran City,196,2161
Tubay II,Agusan del Norte,195,2162
Tubay I,Agusan del Norte,195,2163
Bayugan East,Bayugan City,197,2164
Bayugan Central,Bayugan City,197,2165
Bayugan South,Bayugan City,197,2166
Bayugan West,Bayugan City,197,2167
Bayugan North,Bayugan City,197,2168
Bunawan I,Agusan del Sur,190,2169
Bunawan II,Agusan del Sur,190,2170
Esperanza I,Agusan del Sur,190,2171
Esperanza III,Agusan del Sur,190,2172
Esperanza II,Agusan del Sur,190,2173
Loreto South,Agusan del Sur,190,2174
Loreto North,Agusan del Sur,190,2175
La Paz II,Agusan del Sur,190,2176
La Paz I,Agusan del Sur,190,2177
Prosperidad II,Agusan del Sur,190,2178
Prosperidad IV,Agusan del Sur,190,2179
Prosperidad I,Agusan del Sur,190,2180
Prosperidad III,Agusan del Sur,190,2181
San Francisco II,Agusan del Sur,190,2182
Rosario II,Agusan del Sur,190,2183
San Francisco IV,Agusan del Sur,190,2184
San Francisco III,Agusan del Sur,190,2185
San Francisco I,Agusan del Sur,190,2186
Sibagat II,Agusan del Sur,190,2187
Sibagat I,Agusan del Sur,190,2188
Veruela I,Agusan del Sur,190,2189
Veruela II,Agusan del Sur,190,2190
Sta. Josefa,Agusan del Sur,190,2191
San Luis I,Agusan del Sur,190,2192
San Luis II,Agusan del Sur,190,2193
Talacogon West,Agusan del Sur,190,2194
Talacogon East,Agusan del Sur,190,2195
Trento II,Agusan del Sur,190,2196
Trento I,Agusan del Sur,190,2197
Central Butuan District I,Butuan City,198,2198
Central Butuan District II,Butuan City,198,2199
East Butuan District I,Butuan City,198,2200
East Butuan District II,Butuan City,198,2201
North Butuan District,Butuan City,198,2202
Northwest Butuan District,Butuan City,198,2203
West Butuan District II,Butuan City,198,2204
Southeast II Butuan District,Butuan City,198,2205
South Butuan District I,Butuan City,198,2206
Southeast I Butuan District,Butuan City,198,2207
South Butuan District II,Butuan City,198,2208
Southwest Butuan District,Butuan City,198,2209
West Butuan District I,Butuan City,198,2210
Dapa East,Siargao,199,2211
Dapa West,Siargao,199,2212
General Luna,Siargao,199,2213
Numancia East,Siargao,199,2214
Numancia West,Siargao,199,2215
Pilar,Siargao,199,2216
San Isidro,Siargao,199,2217
Sapao,Siargao,199,2218
Burgos,Siargao,199,2219
Socorro East District,Siargao,199,2220
San Benito,Siargao,199,2221
Socorro West District,Siargao,199,2222
Surigao City District II,Surigao City,200,2223
Surigao City District I,Surigao City,200,2224
Surigao City District VII,Surigao City,200,2225
Surigao City District IV,Surigao City,200,2226
Surigao City District V,Surigao City,200,2227
Surigao City District VIII,Surigao City,200,2228
Surigao City District III,Surigao City,200,2229
Surigao City District VI,Surigao City,200,2230
Albor,Dinagat Island,201,2231
Anao-Aon,Surigao del Norte,189,2232
Bacuag,Surigao del Norte,189,2233
Cagdianao,Dinagat Island,201,2234
Claver,Surigao del Norte,189,2235
Dinagat,Dinagat Island,201,2236
Gigaquit,Surigao del Norte,189,2237
Loreto,Dinagat Island,201,2238
Mainit II,Surigao del Norte,189,2239
Mainit I,Surigao del Norte,189,2240
Malimono,Surigao del Norte,189,2241
Placer II,Surigao del Norte,189,2242
Placer I,Surigao del Norte,189,2243
Rizal,Dinagat Island,201,2244
Rizal II,Dinagat Island,201,2245
San Jose,Dinagat Island,201,2246
Sison,Surigao del Norte,189,2247
Tagana-An,Surigao del Norte,189,2248
Tubajon,Dinagat Island,201,2249
Tubod,Surigao del Norte,189,2250
Barobo II,Surigao del Sur,188,2251
Barobo I,Surigao del Sur,188,2252
Bayabas,Surigao del Sur,188,2253
Bislig City I,Bislig City,202,2254
Bislig City II,Bislig City,202,2255
Cagwait,Surigao del Sur,188,2256
Cantilan I,Surigao del Sur,188,2257
Cantilan II,Surigao del Sur,188,2258
Carmen,Surigao del Sur,188,2259
Carrascal,Surigao del Sur,188,2260
Cortes,Surigao del Sur,188,2261
Hinatuan North,Surigao del Sur,188,2262
Hinatuan South,Surigao del Sur,188,2263
Lanuza,Surigao del Sur,188,2264
Lianga,Surigao del Sur,188,2265
Lingig I,Surigao del Sur,188,2266
Lingig II,Surigao del Sur,188,2267
Madrid,Surigao del Sur,188,2268
Mangagoy I,Bislig City,202,2269
Mangagoy II,Bislig City,202,2270
Marihatag,Surigao del Sur,188,2271
San Miguel II,Surigao del Sur,188,2272
San Miguel I,Surigao del Sur,188,2273
Tagbina I,Surigao del Sur,188,2274
Tagbina II,Surigao del Sur,188,2275
Tago II,Surigao del Sur,188,2276
Tago I,Surigao del Sur,188,2277
Tandag I,Tandag City,203,2278
Tandag II,Tandag City,203,2279
Lamitan East,Lamitan City,179,2280
Lamitan Central,Lamitan City,179,2281
Lamitan West II,Lamitan City,179,2282
Lamitan West I,Lamitan City,179,2283
Lantawan,Basilan,204,2284
Maluso East,Basilan,204,2285
Maluso West,Basilan,204,2286
Pilas,Basilan,204,2287
Sumisip South,Basilan,204,2288
Sumisip North,Basilan,204,2289
Sumisip East,Basilan,204,2290
Tipo-Tipo East,Basilan,204,2291
Tipo-Tipo West,Basilan,204,2292
Tuburan,Basilan,204,2293
Balindong I,Lanao del Sur - I,205,2294
Balindong II,Lanao del Sur - I,205,2295
Bubong I,Lanao del Sur - I,205,2296
Bubong II,Lanao del Sur - I,205,2297
Buadipuso-Buntong,Lanao del Sur - I,205,2298
Ditsaan Ramain I,Lanao del Sur - I,205,2299
Ditsaan Ramain II,Lanao del Sur - I,205,2300
Ditsaan Ramain III,Lanao del Sur - I,205,2301
Kapai/Tagoloan,Lanao del Sur - I,205,2302
Lumba-Bayabao I,Lanao del Sur - I,205,2303
Lumba-Bayabao II,Lanao del Sur - I,205,2304
Lumba-Bayabao III,Lanao del Sur - I,205,2305
Maguing,Lanao del Sur - I,205,2306
Maguing II,Lanao del Sur - I,205,2307
Marantao I,Lanao del Sur - I,205,2308
Marantao II,Lanao del Sur - I,205,2309
Masiu I,Lanao del Sur - I,205,2310
Masiu II,Lanao del Sur - I,205,2311
Masiu B District,Lanao del Sur - I,205,2312
Masiu A District,Lanao del Sur - I,205,2313
Mulondo,Lanao del Sur - I,205,2314
Poona-Bayabao South,Lanao del Sur - I,205,2315
Poona-Bayabao West,Lanao del Sur - I,205,2316
Poona-Bayabao North,Lanao del Sur - I,205,2317
Piagapo East,Lanao del Sur - I,205,2318
Piagapo West,Lanao del Sur - I,205,2319
Saguiaran I,Lanao del Sur - I,205,2320
Saguiaran II,Lanao del Sur - I,205,2321
Saguiaran III,Lanao del Sur - I,205,2322
Tamparan District,Lanao del Sur - I,205,2323
Tamparan I,Lanao del Sur - I,205,2324
Taraka I,Lanao del Sur - I,205,2325
Taraka II,Lanao del Sur - I,205,2326
South Wao District,Lanao del Sur - I,205,2327
Wao I,Lanao del Sur - I,205,2328
Wao II,Lanao del Sur - I,205,2329
Bumbaran,Lanao del Sur - I,205,2330
Kalawi,Lanao del Sur - II,206,2331
Bacolod,Lanao del Sur - II,206,2332
North Balabagan,Lanao del Sur - II,206,2333
South Balabagan,Lanao del Sur - II,206,2334
Kapatagan,Lanao del Sur - II,206,2335
Upper Bayang,Lanao del Sur - II,206,2336
Diwan,Lanao del Sur - II,206,2337
Lower Bayang,Lanao del Sur - II,206,2338
Binidayan,Lanao del Sur - II,206,2339
Butig,Lanao del Sur - II,206,2340
West Ganassi,Lanao del Sur - II,206,2341
East Ganassi,Lanao del Sur - II,206,2342
Central Ganassi,Lanao del Sur - II,206,2343
Lumbatan I,Lanao del Sur - II,206,2344
Lumbatan II,Lanao del Sur - II,206,2345
Lumbaca Unayan,Lanao del Sur - II,206,2346
Lumbayanague I,Lanao del Sur - II,206,2347
Lumbayanague II,Lanao del Sur - II,206,2348
South Madalum,Lanao del Sur - II,206,2349
North Madalum,Lanao del Sur - II,206,2350
Upper Madamba,Lanao del Sur - II,206,2351
Lower Madamba,Lanao del Sur - II,206,2352
North Malabang,Lanao del Sur - II,206,2353
South Malabang,Lanao del Sur - II,206,2354
Marogong,Lanao del Sur - II,206,2355
Calanogas,Lanao del Sur - II,206,2356
Pagayawan,Lanao del Sur - II,206,2357
North Pualas,Lanao del Sur - II,206,2358
South Pualas,Lanao del Sur - II,206,2359
Sultan Gumander,Lanao del Sur - II,206,2360
Tubaran,Lanao del Sur - II,206,2361
Central Tugaya,Lanao del Sur - II,206,2362
East Tugaya,Lanao del Sur - II,206,2363
West Tugaya,Lanao del Sur - II,206,2364
Sultan Dumalondong,Lanao del Sur - II,206,2365
Datu Abdullah Sangki,Maguindanao I,11,2366
Ampatuan,Maguindanao I,11,2367
Barira North,Maguindanao II,10,2368
Barira,Maguindanao II,10,2369
Barira South,Maguindanao II,10,2370
Buldon West,Maguindanao II,10,2371
Buldon East,Maguindanao II,10,2372
Mangudadatu,Maguindanao I,11,2373
Pandag,Maguindanao I,11,2374
Datu Paglas North,Maguindanao I,11,2375
Datu Paglas South,Maguindanao I,11,2376
Datu Piang I,Maguindanao I,11,2377
Datu Piang II,Maguindanao I,11,2378
Datu Saudi Uy Ampatuan,Maguindanao I,11,2379
Shariff Saydona Mustapha,Maguindanao I,11,2380
Datu Salibo,Maguindanao I,11,2381
DOS North,Maguindanao II,10,2382
DOS South,Maguindanao II,10,2383
Kabuntalan South,Maguindanao II,10,2384
Kabuntalan North,Maguindanao II,10,2385
Datu Unsay,Maguindanao I,11,2386
Shariff Aguak,Maguindanao I,11,2387
Datu Hoffer Ampatuan,Maguindanao I,11,2388
Matanog,Maguindanao II,10,2389
Datu Montawal(Pagagawan),Maguindanao I,11,2390
Parang Bongo,Maguindanao II,10,2391
Parang North,Maguindanao II,10,2392
Inter Parang,Maguindanao II,10,2393
Parang South,Maguindanao II,10,2394
Paglat,Maguindanao I,11,2395
Mamasapano,Maguindanao I,11,2396
Mamasapano North,Maguindanao I,11,2397
Sultan Kudarat I,Maguindanao II,10,2398
Sultan Kudarat II,Maguindanao II,10,2399
Sultan Mastura,Maguindanao II,10,2400
Sultan Sa Barongis,Maguindanao I,11,2401
Rajah Buayan,Maguindanao I,11,2402
Malita,Davao Occidental,90,2403
Guindulungan,Maguindanao I,11,2404
Datu Anggal,Maguindanao I,11,2405
Talayan,Maguindanao I,11,2406
Talitay,Maguindanao II,10,2407
Upi North,Maguindanao II,10,2408
South Upi,Maguindanao I,11,2409
Upi West,Maguindanao II,10,2410
Indanan,Sulu,207,2411
Jolo I,Sulu,207,2412
Jolo II,Sulu,207,2413
Jolo III,Sulu,207,2414
Jolo IV,Sulu,207,2415
Laminusa,Sulu,207,2416
Lugus,Sulu,207,2417
Luuk (Kalinggalan Calauang),Sulu,207,2418
Maimbung,Sulu,207,2419
Pata,Sulu,207,2420
Panamao,Sulu,207,2421
Pangutaran,Sulu,207,2422
Parang,Sulu,207,2423
Patikul,Sulu,207,2424
Siasi I,Sulu,207,2425
Siasi II,Sulu,207,2426
Sibaud,Sulu,207,2427
Talipao,Sulu,207,2428
Tapul,Sulu,207,2429
Tongkil,Sulu,207,2430
Panglima Sugala (Balimbingan),Tawi-Tawi,29,2431
Bongao III,Tawi-Tawi,29,2432
Bongao I,Tawi-Tawi,29,2433
Bongao II,Tawi-Tawi,29,2434
Mapun,Tawi-Tawi,29,2435
Languyan,Tawi-Tawi,29,2436
Sapa-Sapa I,Tawi-Tawi,29,2437
Sapa-Sapa II (Banaran),Tawi-Tawi,29,2438
East Sibutu I (Tando Owak),Tawi-Tawi,29,2439
East Sibutu II (Tandubanak),Tawi-Tawi,29,2440
Manukmangkaw,Tawi-Tawi,29,2441
West Simunul,Tawi-Tawi,29,2442
East South Ubian,Tawi-Tawi,29,2443
West South Ubian,Tawi-Tawi,29,2444
Tandubas,Tawi-Tawi,29,2445
Tubig Indangan,Tawi-Tawi,29,2446
Bongao Central,Tawi-Tawi,29,2447
Central District,Marawi City,208,2448
Angoyao District,Marawi City,208,2449
East District,Marawi City,208,2450
Angoyao East District,Marawi City,208,2451
Northeast -II District,Marawi City,208,2452
North District,Marawi City,208,2453
Northwest District,Marawi City,208,2454
West District,Marawi City,208,2455
Bangued East,Abra,18,2456
Bucay,Abra,18,2457
Manabo,Abra,18,2458
Tayum,Abra,18,2459
Dolores,Abra,18,2460
Danglas,Abra,18,2461
La Paz,Abra,18,2462
Baay-Licuan,Abra,18,2463
Lacub,Abra,18,2464
Lagangilang,Abra,18,2465
Malibcong,Abra,18,2466
Luba,Abra,18,2467
Tubo,Abra,18,2468
San Isidro,Abra,18,2469
Pennarubia,Abra,18,2470
Langiden,Abra,18,2471
Pilar,Abra,18,2472
Villaviciosa,Abra,18,2473
Boliney,Abra,18,2474
Bucloc,Abra,18,2475
Daguioman,Abra,18,2476
Tineg,Abra,18,2477
San Juan,Abra,18,2478
Lagayan,Abra,18,2479
Calanasan,Apayao,209,2480
Southern Conner,Apayao,209,2481
Northern Conner,Apayao,209,2482
Flora,Apayao,209,2483
Kabugao,Apayao,209,2484
Luna,Apayao,209,2485
Pudtol,Apayao,209,2486
Sta. Marcela,Apayao,209,2487
Atok,Benguet,15,2488
Bakun,Benguet,15,2489
Bokod,Benguet,15,2490
Buguias,Benguet,15,2491
Itogon I,Benguet,15,2492
Itogon II,Benguet,15,2493
Kabayan,Benguet,15,2494
Kapangan,Benguet,15,2495
Kibungan,Benguet,15,2496
La Trinidad,Benguet,15,2497
Mankayan,Benguet,15,2498
Sablan,Benguet,15,2499
Tublay,Benguet,15,2500
Aguinaldo,Ifugao,210,2501
Alfonso Lista I,Ifugao,210,2502
Alfonso Lista II,Ifugao,210,2503
Asipulo,Ifugao,210,2504
Banaue,Ifugao,210,2505
Hingyon,Ifugao,210,2506
Hungduan,Ifugao,210,2507
Kiangan,Ifugao,210,2508
Lagawe,Ifugao,210,2509
Lamut,Ifugao,210,2510
Mayoyao,Ifugao,210,2511
Tinoc,Ifugao,210,2512
Balbalan,Kalinga,211,2513
Lubuagan,Kalinga,211,2514
Nothern  Tabuk District II,Tabuk City,212,2515
Nothern  Tabuk District I,Tabuk City,212,2516
Pasil,Kalinga,211,2517
Northern Pinukpuk,Kalinga,211,2518
Southern Pinukpuk,Kalinga,211,2519
Rizal,Kalinga,211,2520
Eastern Tabuk District III,Tabuk City,212,2521
Eastern Tabuk District I,Tabuk City,212,2522
Southern Tabuk District I,Tabuk City,212,2523
Eastern Tabuk District II,Tabuk City,212,2524
Southern Tabuk District II,Tabuk City,212,2525
Upper Tanudan,Kalinga,211,2526
Lower Tanudan,Kalinga,211,2527
Tinglayan,Kalinga,211,2528
Southern Tabuk District III,Tabuk City,212,2529
Western Tabuk District II,Tabuk City,212,2530
Western Tabuk District I,Tabuk City,212,2531
Barlig,Mt. Province,213,2532
Bauko I,Mt. Province,213,2533
Bauko II,Mt. Province,213,2534
Besao,Mt. Province,213,2535
Bontoc,Mt. Province,213,2536
Natonin,Mt. Province,213,2537
Paracelis,Mt. Province,213,2538
Sabangan,Mt. Province,213,2539
Sadanga,Mt. Province,213,2540
Sagada,Mt. Province,213,2541
Tadian I,Mt. Province,213,2542
Tadian II,Mt. Province,213,2543
District I,Baguio City,214,2544
District III,Baguio City,214,2545
District II,Baguio City,214,2546
Tondo I,Manila,215,2547
Tondo II,Manila,215,2548
Tondo III,Manila,215,2549
Tondo IV,Manila,215,2550
Tondo V,Manila,215,2551
Tondo VI,Manila,215,2552
Tondo VII,Manila,215,2553
Tondo VIII,Manila,215,2554
Tondo IX,Manila,215,2555
Tondo X,Manila,215,2556
Tondo XI,Manila,215,2557
Tondo XII,Manila,215,2558
Tondo XIII,Manila,215,2559
Tondo XIV,Manila,215,2560
Sta. Cruz I,Manila,215,2561
Sta. Cruz II,Manila,215,2562
Sta. Cruz III,Manila,215,2563
Sta. Cruz IV,Manila,215,2564
Sta. Cruz V,Manila,215,2565
San Nicolas,Manila,215,2566
Sampaloc I,Manila,215,2567
Sampaloc II,Manila,215,2568
Sampaloc III,Manila,215,2569
Sampaloc IV,Manila,215,2570
Sampaloc V,Manila,215,2571
Sampaloc VI,Manila,215,2572
Sampaloc VII,Manila,215,2573
Sampaloc VIII,Manila,215,2574
Sampaloc IX,Manila,215,2575
Paco I,Manila,215,2576
Paco II,Manila,215,2577
Singalong,Manila,215,2578
Malate,Manila,215,2579
San Andres,Manila,215,2580
Pandacan I,Manila,215,2581
Pandacan II,Manila,215,2582
Sta. Ana I,Manila,215,2583
Sta. Ana II,Manila,215,2584
Sta. Ana III,Manila,215,2585
School District I,Quezon City,216,2586
School District II,Quezon City,216,2587
School District III,Quezon City,216,2588
School District IV,Quezon City,216,2589
School District V,Quezon City,216,2590
School District XIX,Quezon City,216,2591
School District XX,Quezon City,216,2592
School District XVI,Quezon City,216,2593
School District XVII,Quezon City,216,2594
School District XVIII,Quezon City,216,2595
School District VI,Quezon City,216,2596
School District VII,Quezon City,216,2597
School District VIII,Quezon City,216,2598
School District IX,Quezon City,216,2599
School District X,Quezon City,216,2600
School District XI,Quezon City,216,2601
School District XII,Quezon City,216,2602
School District XIII,Quezon City,216,2603
School District XIV,Quezon City,216,2604
School District XV,Quezon City,216,2605
Pasay City North District,Pasay City,217,2606
Pasay City East District,Pasay City,217,2607
Pasay City West District,Pasay City,217,2608
Pasay City South District,Pasay City,217,2609
Aromar (Aromahan-Marulas),Caloocan City,218,2610
Pobcaran (Poblacion-Caliparan),Caloocan City,218,2611
Tanque,Caloocan City,218,2612
Caloocan North I,Caloocan City,218,2613
Caloocan North II,Caloocan City,218,2614
Caloocan North III,Caloocan City,218,2615
Caloocan North IV,Caloocan City,218,2616
Mandaluyong City District I,Mandaluyong City,79,2617
Marikina City District I,Marikina City,219,2618
Marikina City District II,Marikina City,219,2619
Makati City District V,Taguig City and Pateros,220,2620
Makati City District I,Makati City,221,2621
Makati City District V,Makati City,221,2622
Makati City District II,Taguig City and Pateros,220,2623
Makati City District I,Taguig City and Pateros,220,2624
Makati City District III,Makati City,221,2625
Makati City District IV,Makati City,221,2626
Makati City District VI,Makati City,221,2627
Pasig City District I,Pasig City,222,2628
Pasig City District II,Pasig City,222,2629
Pasig City District III,Pasig City,222,2630
Pasig City District IV,Pasig City,222,2631
Pasig City District V,Pasig City,222,2632
San Juan District I,City of San Juan,223,2633
San Juan District II,City of San Juan,223,2634
Paranaque City District I,Paranaque City,224,2635
Paranaque City District II,Paranaque City,224,2636
Paranaque City District III,Paranaque City,224,2637
Las Piñas City I,Las Piñas City,225,2638
Las Piñas City II,Las Piñas City,225,2639
Valenzuela City Central District,Valenzuela City,175,2640
Valenzuela City North District,Valenzuela City,175,2641
Valenzuela City South District,Valenzuela City,175,2642
Malabon District I,Malabon City,226,2643
Malabon District II,Malabon City,226,2644
Malabon District III,Malabon City,226,2645
Malabon District IV,Malabon City,226,2646
Malabon District V,Malabon City,226,2647
Navotas District I,Navotas,227,2648
Navotas District II,Navotas,227,2649
Taguig District I,Taguig City and Pateros,220,2650
Taguig District II,Taguig City and Pateros,220,2651
Taguig District III,Taguig City and Pateros,220,2652
Pateros,Taguig City and Pateros,220,2653
Muntinlupa City District I,Muntinlupa City,228,2654
Muntinlupa City District II,Muntinlupa City,228,2655
South Glan - Cluster A,Sarangani,32,2656
Northeast-I District,Marawi City,208,2657
Pigcawayan South,Special Geographic Area Division,48,2658
Banisilan West,North Cotabato,13,2659
Curriculum Implementation Division (Agusan del Sur Division),Agusan del Sur,190,2660
Makati City District II,Makati City,221,2661
Nasugbu North,Batangas,38,2662
North Glan - Cluster A,Sarangani,32,2663
North Glan - Cluster B,Sarangani,32,2664
Riyadh,Kingdom of Saudi Arabia,229,2665
A' Ali,Kingdom of Bahrain,230,2666
Doha,Qatar,231,2667
Dubai,United Arab Emirates,232,2668
Jeddah,Kingdom of Saudi Arabia,229,2669
Abu Dhabi,United Arab Emirates,232,2670
Al-Khobar,Kingdom of Saudi Arabia,229,2671
Ain Khalid,Qatar,231,2672
Sharjah,United Arab Emirates,232,2673
Dili,East Timor,233,2674
Al-Qassim,Kingdom of Saudi Arabia,229,2675
Lazio,Italy,234,2676
Muscat,Sultanate of Oman,235,2677
Jleeb Al-Shuyoukh,State of Kuwait,236,2678
Fahaheel,State of Kuwait,236,2679
Athens,Greece,237,2680
