municipality,province,province_id,municipality_id
SAN CARLOS CITY,PANGASINAN,1,1
BACARRA,ILOCOS NORTE,2,2
BADOC,ILOCOS NORTE,2,3
BANGUI,ILOCOS NORTE,2,4
DUMALNEG,ILOCOS NORTE,2,5
BANNA (ESPIRITU),ILOCOS NORTE,2,6
CITY OF BATAC,ILOCOS NORTE,2,7
BURGOS,ILOCOS NORTE,2,8
CURRIMAO,ILOCOS NORTE,2,9
DINGRAS,ILOCOS NORTE,2,10
NUEVA ERA,ILOCOS NORTE,2,11
MARCOS,ILOCOS NORTE,2,12
ADAMS,ILOCOS NORTE,2,13
PAGUDPUD,ILOCOS NORTE,2,14
PAOAY,ILOCOS NORTE,2,15
LEGAZPI CITY  (Capital),ALBAY,3,16
PASUQUIN,ILOCOS NORTE,2,17
PIDDIG,ILOCOS NORTE,2,18
CARASI,ILOCOS NORTE,2,19
PINILI,ILOCOS NORTE,2,20
SAN NICOLAS,ILOCOS NORTE,2,21
SARRAT,ILOCOS NORTE,2,22
SOLSONA,ILOCOS NORTE,2,23
VINTAR,ILOCOS NORTE,2,24
POLOMOLOK,SOUTH COTABATO,4,25
ALILEM,ILOCOS SUR,5,26
SUGPON,ILOCOS SUR,5,27
BANAYOYO,ILOCOS SUR,5,28
LIDLIDDA,ILOCOS SUR,5,29
SAN EMILIO,ILOCOS SUR,5,30
BANTAY,ILOCOS SUR,5,31
SAN ESTEBAN,ILOCOS SUR,5,32
BURGOS,ILOCOS SUR,5,33
CABUGAO,ILOCOS SUR,5,34
CITY OF CANDON,ILOCOS SUR,5,35
CAOAYAN,ILOCOS SUR,5,36
CERVANTES,ILOCOS SUR,5,37
QUIRINO (ANGKAKI),ILOCOS SUR,5,38
MAGSINGAL,ILOCOS SUR,5,39
NARVACAN,ILOCOS SUR,5,40
NAGBUKEL,ILOCOS SUR,5,41
SIGAY,ILOCOS SUR,5,42
GREGORIO DEL PILAR (CONCEPCION),ILOCOS SUR,5,43
SALCEDO (BAUGEN),ILOCOS SUR,5,44
GALIMUYOD,ILOCOS SUR,5,45
SAN JUAN (LAPOG),ILOCOS SUR,5,46
SAN VICENTE,ILOCOS SUR,5,47
LAKE SEBU,SOUTH COTABATO,4,48
SANTA,ILOCOS SUR,5,49
SANTIAGO,ILOCOS SUR,5,50
SINAIT,ILOCOS SUR,5,51
SANTA CATALINA,ILOCOS SUR,5,52
SANTA CRUZ,ILOCOS SUR,5,53
SANTA LUCIA,ILOCOS SUR,5,54
SANTA MARIA,ILOCOS SUR,5,55
SANTO DOMINGO,ILOCOS SUR,5,56
SAN ILDEFONSO,ILOCOS SUR,5,57
SUYO,ILOCOS SUR,5,58
TAGUDIN,ILOCOS SUR,5,59
CITY OF VIGAN (Capital),ILOCOS SUR,5,60
AGOO,LA UNION,6,61
DATU BLAH T. SINSUAT,MAGUINDANAO,7,62
ARINGAY,LA UNION,6,63
BACNOTAN,LA UNION,6,64
BULUAN,MAGUINDANAO,7,65
BAGULIN,LA UNION,6,66
PILI (Capital),CAMARINES SUR,8,67
TULUNAN,NORTH COTABATO,32,68
BALAOAN,LA UNION,6,69
BANGAR,LA UNION,6,70
LIBUNGAN,NORTH COTABATO,32,71
BAUANG,LA UNION,6,72
MAKILALA,NORTH COTABATO,32,73
BURGOS,LA UNION,6,74
CABA,LA UNION,6,75
BONGABONG,ORIENTAL MINDORO,10,76
LUNA,LA UNION,6,77
TUBA,BENGUET,11,78
NAGUILIAN,LA UNION,6,79
CITY OF KORONADAL (Capital),SOUTH COTABATO,4,80
TUGUEGARAO CITY(Capital),CAGAYAN,12,81
PUGO,LA UNION,6,82
ROSARIO,LA UNION,6,83
BANGUED (Capital),ABRA,13,84
CITY OF SAN FERNANDO (Capital),LA UNION,6,85
SAN GABRIEL,LA UNION,6,86
CITY OF PASSI,ILOILO,14,87
SAN JUAN,LA UNION,6,88
SANTOL,LA UNION,6,89
SANTO TOMAS,LA UNION,6,90
SUDIPEN,LA UNION,6,91
TUBAO,LA UNION,6,92
AGNO,PANGASINAN,1,93
AGUILAR,PANGASINAN,1,94
CITY OF ALAMINOS,PANGASINAN,1,95
ANDA,PANGASINAN,1,96
BANI,PANGASINAN,1,97
BASISTA,PANGASINAN,1,98
BAYAMBANG,PANGASINAN,1,99
BINMALEY,PANGASINAN,1,100
BOLINAO,PANGASINAN,1,101
BUGALLON,PANGASINAN,1,102
BURGOS,PANGASINAN,1,103
CALASIAO,PANGASINAN,1,104
DASOL,PANGASINAN,1,105
INFANTA,PANGASINAN,1,106
LABRADOR,PANGASINAN,1,107
LINGAYEN (Capital),PANGASINAN,1,108
MABINI,PANGASINAN,1,109
MALASIQUI,PANGASINAN,1,110
MANGATAREM,PANGASINAN,1,111
MAPANDAN,PANGASINAN,1,112
SANTA BARBARA,PANGASINAN,1,113
SUAL,PANGASINAN,1,114
URBIZTONDO,PANGASINAN,1,115
ALCALA,PANGASINAN,1,116
SILANG,CAVITE,15,117
ASINGAN,PANGASINAN,1,118
SEN. NINOY AQUINO,SULTAN KUDARAT,16,119
BALUNGAO,PANGASINAN,1,120
BAUTISTA,PANGASINAN,1,121
BINALONAN,PANGASINAN,1,122
ROXAS CITY (Capital),CAPIZ,17,123
LAOAC,PANGASINAN,1,124
BOTOLAN,ZAMBALES,18,125
MANAOAG,PANGASINAN,1,126
MANGALDAN,PANGASINAN,1,127
CITY OF MATI (Capital),DAVAO ORIENTAL,19,128
SITANGKAI,TAWI-TAWI,20,129
NATIVIDAD,PANGASINAN,1,130
POZORRUBIO,PANGASINAN,1,131
SANTO NIÑO (FAIRE),CAGAYAN,12,132
ROSALES,PANGASINAN,1,133
SAN FABIAN,PANGASINAN,1,134
TALAINGOD,DAVAO DEL NORTE,21,135
SAN JACINTO,PANGASINAN,1,136
SAN MANUEL,PANGASINAN,1,137
SAN NICOLAS,PANGASINAN,1,138
SAN QUINTIN,PANGASINAN,1,139
SISON,PANGASINAN,1,140
MAITUM,SARANGANI,22,141
MAGPET,NORTH COTABATO,32,142
SANTA MARIA,PANGASINAN,1,143
T'BOLI,SOUTH COTABATO,4,144
SANTO TOMAS,PANGASINAN,1,145
TAYUG,PANGASINAN,1,146
UMINGAN,PANGASINAN,1,147
VILLASIS,PANGASINAN,1,148
DAGUPAN CITY,PANGASINAN,1,149
PAGSANJAN,LAGUNA,23,150
LAOAG CITY (Capital),ILOCOS NORTE,2,151
BUSTOS,BULACAN,24,152
NEW BATAAN,COMPOSTELA VALLEY,25,153
SAN JOSE,BATANGAS,26,154
CITY OF URDANETA,PANGASINAN,1,155
SAN PASCUAL,BATANGAS,26,156
PORAC,PAMPANGA,27,157
TACLOBAN CITY (Capital),LEYTE,28,158
BASCO (Capital),BATANES,29,159
ITBAYAT,BATANES,29,160
CUYAPO,NUEVA ECIJA,30,161
UYUGAN,BATANES,29,162
SAN ISIDRO,DAVAO ORIENTAL,19,163
IVANA,BATANES,29,164
MAHATAO,BATANES,29,165
SABTANG,BATANES,29,166
ABULUG,CAGAYAN,12,167
ALCALA,CAGAYAN,12,168
ALLACAPAN,CAGAYAN,12,169
CARMEN,NORTH COTABATO,32,170
ALABEL (Capital),SARANGANI,22,171
AMULUNG,CAGAYAN,12,172
APARRI,CAGAYAN,12,173
BAGGAO,CAGAYAN,12,174
BALLESTEROS,CAGAYAN,12,175
BUGUEY,CAGAYAN,12,176
CALAYAN,CAGAYAN,12,177
CAMALANIUGAN,CAGAYAN,12,178
CLAVERIA,CAGAYAN,12,179
ENRILE,CAGAYAN,12,180
GATTARAN,CAGAYAN,12,181
GONZAGA,CAGAYAN,12,182
IGUIG,CAGAYAN,12,183
LAL-LO,CAGAYAN,12,184
LASAM,CAGAYAN,12,185
PAMPLONA,CAGAYAN,12,186
PEÑABLANCA,CAGAYAN,12,187
PIAT,CAGAYAN,12,188
RIZAL,CAGAYAN,12,189
SANCHEZ-MIRA,CAGAYAN,12,190
SOLANA,CAGAYAN,12,191
SANTA ANA,CAGAYAN,12,192
SANTA PRAXEDES,CAGAYAN,12,193
SANTA TERESITA,CAGAYAN,12,194
TUAO,CAGAYAN,12,195
ALICIA,ISABELA,31,196
ANGADANAN,ISABELA,31,197
MALUNGON,SARANGANI,22,198
MALAPATAN,SARANGANI,22,199
AURORA,ISABELA,31,200
BENITO SOLIVEN,ISABELA,31,201
KIAMBA,SARANGANI,22,202
BURGOS,ISABELA,31,203
CABANGAN,ISABELA,31,204
CABATUAN,ISABELA,31,205
CITY OF CAUAYAN,ISABELA,31,206
CORDON,ISABELA,31,207
DELFIN ALBANO (MAGSAYSAY),ISABELA,31,208
ECHAGUE,ISABELA,31,209
GAMU,ISABELA,31,210
MAASIM,SARANGANI,22,211
ILAGAN CITY (CAPITAL),ISABELA,31,212
GLAN,SARANGANI,22,213
JONES,ISABELA,31,214
LUNA,ISABELA,31,215
MALLIG,ISABELA,31,216
NAGUILIAN,ISABELA,31,217
PALANAN,ISABELA,31,218
DIVILACAN,ISABELA,31,219
DINAPIGUE,ISABELA,31,220
MACONACON,ISABELA,31,221
QUEZON,ISABELA,31,222
NAIC,CAVITE,15,223
QUIRINO,ISABELA,31,224
RAMON,ISABELA,31,225
CITY MALAYBALAY (Capital),BUKIDNON,33,226
BUENAVISTA,BOHOL,34,227
SABLAYAN,OCCIDENTAL MINDORO,35,228
REINA MERCEDES,ISABELA,31,229
ROXAS,ISABELA,31,230
SAN AGUSTIN,ISABELA,31,231
SAN GUILLERMO,ISABELA,31,232
CITY OF SAN JOSE DEL MONTE,BULACAN,24,233
BAUAN,BATANGAS,26,234
SAN ISIDRO,ISABELA,31,235
SANTA MARIA,ISABELA,31,236
SAN MANUEL,ISABELA,31,237
LEBAK,SULTAN KUDARAT,16,238
KALAMANSIG,SULTAN KUDARAT,16,239
RIZAL (MARCOS),PALAWAN,36,240
SAN MARIANO,ISABELA,31,241
ILIGAN CITY,LANAO DEL NORTE,37,242
SAN MATEO,ISABELA,31,243
SAN PABLO,ISABELA,31,244
CITY OF SANTIAGO,ISABELA,31,245
SANTO TOMAS,ISABELA,31,246
TUMAUINI,ISABELA,31,247
ARITAO,NUEVA VIZCAYA,38,248
BAGBAG,NUEVA VIZCAYA,38,249
BAMBANG,NUEVA VIZCAYA,38,250
AMBAGUIO,NUEVA VIZCAYA,38,251
BAYOMBONG (Capital),NUEVA VIZCAYA,38,252
DIADI,NUEVA VIZCAYA,38,253
DUPAX DEL NORTE,NUEVA VIZCAYA,38,254
DUPAX DEL SUR,NUEVA VIZCAYA,38,255
KASIBU,NUEVA VIZCAYA,38,256
KAYAPA,NUEVA VIZCAYA,38,257
QUEZON,NUEVA VIZCAYA,38,258
SOLANO,NUEVA VIZCAYA,38,259
ALFONSO CASTAÑEDA,NUEVA VIZCAYA,38,260
SANTA FE,NUEVA VIZCAYA,38,261
VILLAVERDE,NUEVA VIZCAYA,38,262
AGLIPAY,QUIRINO,39,263
CABARROGUIS (Capital),QUIRINO,39,264
DIFFUN,QUIRINO,39,265
MADDELA,QUIRINO,39,266
NAGTIPUNAN,QUIRINO,39,267
SAGUDAY,QUIRINO,39,268
BALER  (Capital),AURORA,40,269
CASIGURAN,AURORA,40,270
DILASAG,AURORA,40,271
DINALUNGAN,AURORA,40,272
DINGALAN,AURORA,40,273
DIPACULAO,AURORA,40,274
MARIA AURORA,AURORA,40,275
SAN LUIS,AURORA,40,276
ABUCAY,BATAAN,41,277
BAGAC,BATAAN,41,278
CITY OF BALANGA (Capital),BATAAN,41,279
DINALUPIHAN,BATAAN,41,280
HERMOSA,BATAAN,41,281
LIMAY,BATAAN,41,282
MARIVELES,BATAAN,41,283
MORONG,BATAAN,41,284
ORANI,BATAAN,41,285
ORION,BATAAN,41,286
PILAR,BATAAN,41,287
SAMAL,BATAAN,41,288
ANGAT,BULACAN,24,289
DOÑA REMEDIOS TRINIDAD,BULACAN,24,290
BALAGTAS (BIGAA),BULACAN,24,291
BALIUAG,BULACAN,24,292
BOCAUE,BULACAN,24,293
BULACAN,BULACAN,24,294
CALUMPIT,BULACAN,24,295
GUIGUINTO,BULACAN,24,296
HAGONOY,BULACAN,24,297
CITY OF MALOLOS  (Capital),BULACAN,24,298
MARILAO,BULACAN,24,299
CITY OF MEYCAUAYAN,BULACAN,24,300
NORZAGARAY,BULACAN,24,301
OBANDO,BULACAN,24,302
PANDI,BULACAN,24,303
PAOMBONG,BULACAN,24,304
PLARIDEL,BULACAN,24,305
PULILAN,BULACAN,24,306
SAN ILDEFONSO,BULACAN,24,307
SAN MIGUEL,BULACAN,24,308
SAN RAFAEL,BULACAN,24,309
SANTA MARIA,BULACAN,24,310
ALIAGA,NUEVA ECIJA,30,311
BONGABON,NUEVA ECIJA,30,312
CABIAO,NUEVA ECIJA,30,313
CARRANGLAN,NUEVA ECIJA,30,314
GABALDON (BITULOK & SABANI),NUEVA ECIJA,30,315
CITY OF GAPAN,NUEVA ECIJA,30,316
GENERAL MAMERTO NATIVIDAD,NUEVA ECIJA,30,317
GENERAL TINIO (PAPAYA),NUEVA ECIJA,30,318
GUIMBA,NUEVA ECIJA,30,319
JAEN,NUEVA ECIJA,30,320
LAUR,NUEVA ECIJA,30,321
LICAB,NUEVA ECIJA,30,322
LLANERA,NUEVA ECIJA,30,323
LUPAO,NUEVA ECIJA,30,324
SCIENCE CITY OF MUÑOZ,NUEVA ECIJA,30,325
NAMPICUAN,NUEVA ECIJA,30,326
PALAYAN CITY (Capital),NUEVA ECIJA,30,327
PANTABANGAN,NUEVA ECIJA,30,328
PEÑARANDA,NUEVA ECIJA,30,329
QUEZON,NUEVA ECIJA,30,330
RIZAL,NUEVA ECIJA,30,331
SAN ANTONIO,NUEVA ECIJA,30,332
SAN ISIDRO,NUEVA ECIJA,30,333
SAN JOSE CITY,NUEVA ECIJA,30,334
SAN LEONARDO,NUEVA ECIJA,30,335
SANTA ROSA,NUEVA ECIJA,30,336
SANTO DOMINGO,NUEVA ECIJA,30,337
TALAVERA,NUEVA ECIJA,30,338
TALUGTUG,NUEVA ECIJA,30,339
ZARAGOZA,NUEVA ECIJA,30,340
APALIT,PAMPANGA,27,341
ARAYAT,PAMPANGA,27,342
CITY OF SAN FERNANDO (Capital),PAMPANGA,27,343
BACOLOR,PAMPANGA,27,344
MAGALANG,PAMPANGA,27,345
CANDABA,PAMPANGA,27,346
FLORIDABLANCA,PAMPANGA,27,347
GUAGUA,PAMPANGA,27,348
LUBAO,PAMPANGA,27,349
MABALACAT CITY,PAMPANGA,27,350
MACABEBE,PAMPANGA,27,351
MASANTOL,PAMPANGA,27,352
MEXICO,PAMPANGA,27,353
MINALIN,PAMPANGA,27,354
SAN LUIS,PAMPANGA,27,355
SAN SIMON,PAMPANGA,27,356
SASMUAN (SEXMOAN),PAMPANGA,27,357
SANTA ANA,PAMPANGA,27,358
SANTA RITA,PAMPANGA,27,359
SANTO TOMAS,PAMPANGA,27,360
ANAO,TARLAC,42,361
BAMBAN,TARLAC,42,362
CAMILING,TARLAC,42,363
CAPAS,TARLAC,42,364
CONCEPCION,TARLAC,42,365
GERONA,TARLAC,42,366
LA PAZ,TARLAC,42,367
MAYANTOC,TARLAC,42,368
MONCADA,TARLAC,42,369
PANIQUI,TARLAC,42,370
PURA,TARLAC,42,371
RAMOS,TARLAC,42,372
SAN CLEMENTE,TARLAC,42,373
SAN JOSE,TARLAC,42,374
SAN MANUEL,TARLAC,42,375
SANTA IGNACIA,TARLAC,42,376
CITY OF TARLAC (Capital),TARLAC,42,377
VICTORIA,TARLAC,42,378
CABANGAN,ZAMBALES,18,379
CANDELARIA,ZAMBALES,18,380
CASTILLEJOS,ZAMBALES,18,381
IBA (Capital),ZAMBALES,18,382
MASINLOC,ZAMBALES,18,383
PALAUIG,ZAMBALES,18,384
SAN ANTONIO,ZAMBALES,18,385
SAN FELIPE,ZAMBALES,18,386
SAN MARCELINO,ZAMBALES,18,387
SAN NARCISO,ZAMBALES,18,388
SANTA CRUZ,ZAMBALES,18,389
SUBIC,ZAMBALES,18,390
ANGELES CITY,PAMPANGA,27,391
CABANATUAN CITY,NUEVA ECIJA,30,392
OLONGAPO CITY,ZAMBALES,18,393
AGONCILLO,BATANGAS,26,394
ALITAGTAG,BATANGAS,26,395
PAGALUNGAN,MAGUINDANAO,7,396
BALAYAN,BATANGAS,26,397
BALETE,BATANGAS,26,398
CALACA,BATANGAS,26,399
CALATAGAN,BATANGAS,26,400
CUENCA,BATANGAS,26,401
IBAAN,BATANGAS,26,402
LAUREL,BATANGAS,26,403
LEMERY,BATANGAS,26,404
LIAN,BATANGAS,26,405
LOBO,BATANGAS,26,406
MABINI,BATANGAS,26,407
MALVAR,BATANGAS,26,408
MATAASNAKAHOY,BATANGAS,26,409
NASUGBU,BATANGAS,26,410
PADRE GARCIA,BATANGAS,26,411
ROSARIO,BATANGAS,26,412
SAN JUAN,BATANGAS,26,413
SAN LUIS,BATANGAS,26,414
SAN NICOLAS,BATANGAS,26,415
SANTA TERESITA,BATANGAS,26,416
SANTO TOMAS,BATANGAS,26,417
TAAL,BATANGAS,26,418
TALISAY,BATANGAS,26,419
CITY OF TANAUAN,BATANGAS,26,420
TAYSAN,BATANGAS,26,421
TINGLOY,BATANGAS,26,422
TUY,BATANGAS,26,423
ALFONSO,CAVITE,15,424
AMADEO,CAVITE,15,425
BACOOR,CAVITE,15,426
CARMONA,CAVITE,15,427
CITY OF DASMARIÑAS,CAVITE,15,428
GENERAL EMILIO AGUINALDO,CAVITE,15,429
GEN. MARIANO ALVAREZ,CAVITE,15,430
CITY OF GENERAL TRIAS,CAVITE,15,431
IMUS,CAVITE,15,432
CITY OF MANDALUYONG,NCR   SECOND DISTRICT,43,433
INDANG,CAVITE,15,434
TRECE MARTIRES CITY (Capital),CAVITE,15,435
KAWIT,CAVITE,15,436
MAGALLANES,CAVITE,15,437
MARAGONDON,CAVITE,15,438
MENDEZ (MENDEZ-NUÑEZ),CAVITE,15,439
NOVELETA,CAVITE,15,440
ROSARIO,CAVITE,15,441
CITY OF SORSOGON (Capital),SORSOGON,44,442
TAGAYTAY CITY,CAVITE,15,443
TANZA,CAVITE,15,444
TERNATE,CAVITE,15,445
DAVAO CITY,DAVAO DEL SUR,45,446
ALAMINOS,LAGUNA,23,447
BAY,LAGUNA,23,448
CITY OF BIÑAN,LAGUNA,23,449
CABUYAO,LAGUNA,23,450
CALAUAN,LAGUNA,23,451
CAVINTI,LAGUNA,23,452
MABITAC,LAGUNA,23,453
FAMY,LAGUNA,23,454
LILIW,LAGUNA,23,455
LOS BAÑOS,LAGUNA,23,456
LUISIANA,LAGUNA,23,457
LUMBAN,LAGUNA,23,458
KALAYAAN,LAGUNA,23,459
MAGDALENA,LAGUNA,23,460
MAJAYJAY,LAGUNA,23,461
NAGCARLAN,LAGUNA,23,462
RIZAL,LAGUNA,23,463
PAETE,LAGUNA,23,464
PANGIL,LAGUNA,23,465
PAKIL,LAGUNA,23,466
PILA,LAGUNA,23,467
SAN PEDRO,LAGUNA,23,468
SANTA CRUZ (Capital),LAGUNA,23,469
SANTA MARIA,LAGUNA,23,470
CITY OF SANTA ROSA,LAGUNA,23,471
SINILOAN,LAGUNA,23,472
VICTORIA,LAGUNA,23,473
ALABAT,QUEZON,46,474
ATIMONAN,QUEZON,46,475
BUENAVISTA,QUEZON,46,476
BURDEOS,QUEZON,46,477
PANUKULAN,QUEZON,46,478
CALAUAG,QUEZON,46,479
CANDELARIA,QUEZON,46,480
CATANAUAN,QUEZON,46,481
DOLORES,QUEZON,46,482
GENERAL LUNA,QUEZON,46,483
GENERAL NAKAR,QUEZON,46,484
GUINAYANGAN,QUEZON,46,485
GUMACA,QUEZON,46,486
INFANTA,QUEZON,46,487
LOPEZ,QUEZON,46,488
LUCBAN,QUEZON,46,489
MACALELON,QUEZON,46,490
MAUBAN,QUEZON,46,491
MULANAY,QUEZON,46,492
KAPALONG,DAVAO DEL NORTE,21,493
AGDANGAN,QUEZON,46,494
PADRE BURGOS,QUEZON,46,495
PAGBILAO,QUEZON,46,496
PATNANUNGAN,QUEZON,46,497
JOMALIG,QUEZON,46,498
PEREZ,QUEZON,46,499
PITOGO,QUEZON,46,500
PLARIDEL,QUEZON,46,501
POLILLO,QUEZON,46,502
QUEZON,QUEZON,46,503
REAL,QUEZON,46,504
SAMPALOC,QUEZON,46,505
SAN ANDRES,QUEZON,46,506
SAN ANTONIO,QUEZON,46,507
SAN FRANCISCO (AURORA),QUEZON,46,508
SAN NARCISO,QUEZON,46,509
SARIAYA,QUEZON,46,510
TAGKAWAYAN,QUEZON,46,511
CITY OF TAYABAS,QUEZON,46,512
TIAONG,QUEZON,46,513
UNISAN,QUEZON,46,514
ANGONO,RIZAL,47,515
BINANGONAN,RIZAL,47,516
CITY OF ANTIPOLO,RIZAL,47,517
TERESA,RIZAL,47,518
CAINTA,RIZAL,47,519
JOSE ABAD SANTOS (TRINIDAD),DAVAO OCCIDENTAL,48,520
CARDONA,RIZAL,47,521
BARAS,RIZAL,47,522
MORONG,RIZAL,47,523
SANTA MARIA,DAVAO OCCIDENTAL,48,524
BAGANGA,DAVAO ORIENTAL,19,525
CARAGA,DAVAO ORIENTAL,19,526
LINAPACAN,PALAWAN,36,527
JALA-JALA,RIZAL,47,528
PILILLA,RIZAL,47,529
RODRIGUEZ (MONTALBAN),RIZAL,47,530
SAN MATEO,RIZAL,47,531
CORON,PALAWAN,36,532
TANAY,RIZAL,47,533
TAYTAY,RIZAL,47,534
BATANGAS CITY (Capital),BATANGAS,26,535
CAJIDIOCAN,ROMBLON,49,536
PIDIGAN,ABRA,13,537
CAVITE CITY,CAVITE,15,538
LIPA CITY,BATANGAS,26,539
BATARAZA,PALAWAN,36,540
LUCENA CITY (Capital),QUEZON,46,541
SAN PABLO CITY,LAGUNA,23,542
SALLAPADAN,ABRA,13,543
RIZAL,OCCIDENTAL MINDORO,35,544
CITY OF CALAMBA,LAGUNA,23,545
BOAC (Capital),MARINDUQUE,50,546
BUENAVISTA,MARINDUQUE,50,547
GASAN,MARINDUQUE,50,548
MOGPOG,MARINDUQUE,50,549
SANTA CRUZ,MARINDUQUE,50,550
TORRIJOS,MARINDUQUE,50,551
ABRA DE ILOG,OCCIDENTAL MINDORO,35,552
PALUAN,OCCIDENTAL MINDORO,35,553
CALINTAAN,OCCIDENTAL MINDORO,35,554
LOOC,OCCIDENTAL MINDORO,35,555
LUBANG,OCCIDENTAL MINDORO,35,556
MAGSAYSAY,OCCIDENTAL MINDORO,35,557
SANTA CRUZ,OCCIDENTAL MINDORO,35,558
MAMBURAO (Capital),OCCIDENTAL MINDORO,35,559
SAN JOSE,OCCIDENTAL MINDORO,35,560
QUEZON,PALAWAN,36,561
BACO,ORIENTAL MINDORO,10,562
TAYTAY,PALAWAN,36,563
BANSUD,ORIENTAL MINDORO,10,564
BULALACAO (SAN PEDRO),ORIENTAL MINDORO,10,565
GLORIA,ORIENTAL MINDORO,10,566
MANSALAY,ORIENTAL MINDORO,10,567
NAUJAN,ORIENTAL MINDORO,10,568
PINAMALAYAN,ORIENTAL MINDORO,10,569
POLA,ORIENTAL MINDORO,10,570
PUERTO GALERA,ORIENTAL MINDORO,10,571
ROXAS,ORIENTAL MINDORO,10,572
SAN TEODORO,ORIENTAL MINDORO,10,573
SOCORRO,ORIENTAL MINDORO,10,574
VICTORIA,ORIENTAL MINDORO,10,575
ABORLAN,PALAWAN,36,576
AGUTAYA,PALAWAN,36,577
DUMARAN,PALAWAN,36,578
ARACELI,PALAWAN,36,579
BALABAC,PALAWAN,36,580
BROOKE'S POINT,PALAWAN,36,581
SOFRONIO ESPAÑOLA,PALAWAN,36,582
CULION,PALAWAN,36,583
BUSUANGA,PALAWAN,36,584
CAGAYANCILLO,PALAWAN,36,585
CUYO,PALAWAN,36,586
EL NIDO (BACUIT),PALAWAN,36,587
MAGSAYSAY,PALAWAN,36,588
NARRA,PALAWAN,36,589
GINGOOG CITY,MISAMIS ORIENTAL,51,590
ROXAS,PALAWAN,36,591
SAN VICENTE,PALAWAN,36,592
ALCANTARA,ROMBLON,49,593
BANTON,ROMBLON,49,594
MAGDIWANG,ROMBLON,49,595
CONCEPCION,ROMBLON,49,596
CORCUERA,ROMBLON,49,597
LOOC,ROMBLON,49,598
ODIONGAN,ROMBLON,49,599
FERROL,ROMBLON,49,600
ROMBLON (Capital),ROMBLON,49,601
SAN AGUSTIN,ROMBLON,49,602
CALATRAVA,ROMBLON,49,603
SANTA MARIA (IMELDA),ROMBLON,49,604
SAN ANDRES,ROMBLON,49,605
SAN FERNANDO,ROMBLON,49,606
SANTA FE,ROMBLON,49,607
SAN JOSE,ROMBLON,49,608
PUERTO PRINCESA CITY (Capital),PALAWAN,36,609
CITY OF CALAPAN (Capital),ORIENTAL MINDORO,10,610
BACACAY,ALBAY,3,611
CAMALIG,ALBAY,3,612
DARAGA (LOCSIN),ALBAY,3,613
GUINOBATAN,ALBAY,3,614
JOVELLAR,ALBAY,3,615
LIBON,ALBAY,3,616
CITY OF LIGAO,ALBAY,3,617
MALILIPOT,ALBAY,3,618
MALINAO,ALBAY,3,619
MANITO,ALBAY,3,620
OAS,ALBAY,3,621
PIO DURAN,ALBAY,3,622
POLANGUI,ALBAY,3,623
RAPU-RAPU,ALBAY,3,624
SANTO DOMINGO (LIBOG),ALBAY,3,625
TIWI,ALBAY,3,626
BASUD,CAMARINES NORTE,52,627
CAPALONGA,CAMARINES NORTE,52,628
DAET (Capital),CAMARINES NORTE,52,629
JOSE PANGANIBAN,CAMARINES NORTE,52,630
LABO,CAMARINES NORTE,52,631
MERCEDES,CAMARINES NORTE,52,632
PARACALE,CAMARINES NORTE,52,633
SAN VICENTE,CAMARINES NORTE,52,634
SAN LORENZO RUIZ (IMELDA),CAMARINES NORTE,52,635
SANTA ELENA,CAMARINES NORTE,52,636
TALISAY,CAMARINES NORTE,52,637
VINZONS,CAMARINES NORTE,52,638
BAAO,CAMARINES SUR,8,639
CITY OF TALISAY,NEGROS OCCIDENTAL,53,640
BALATAN,CAMARINES SUR,8,641
BATO,CAMARINES SUR,8,642
BUHI,CAMARINES SUR,8,643
BULA,CAMARINES SUR,8,644
CABUSAO,CAMARINES SUR,8,645
CALABANGA,CAMARINES SUR,8,646
CAMALIGAN,CAMARINES SUR,8,647
CANAMAN,CAMARINES SUR,8,648
CARAMOAN,CAMARINES SUR,8,649
DEL GALLEGO,CAMARINES SUR,8,650
GARCHITORENA,CAMARINES SUR,8,651
GOA,CAMARINES SUR,8,652
LAGONOY,CAMARINES SUR,8,653
LIBMANAN,CAMARINES SUR,8,654
LUPI,CAMARINES SUR,8,655
MAGARAO,CAMARINES SUR,8,656
BOMBON,CAMARINES SUR,8,657
CITY OF ISABELA (Capital),CITY OF ISABELA,54,658
MILAOR,CAMARINES SUR,8,659
GAINZA,CAMARINES SUR,8,660
MINALABAC,CAMARINES SUR,8,661
NABUA,CAMARINES SUR,8,662
OCAMPO,CAMARINES SUR,8,663
PAMPLONA,CAMARINES SUR,8,664
PRESENTACION (PARUBCAN),CAMARINES SUR,8,665
PASACAO,CAMARINES SUR,8,666
RAGAY,CAMARINES SUR,8,667
SAGÑAY,CAMARINES SUR,8,668
SAN FERNANDO,BUKIDNON,33,669
SAN FERNANDO,CAMARINES SUR,8,670
SAN JOSE,CAMARINES SUR,8,671
SIRUMA,CAMARINES SUR,8,672
SIPOCOT,CAMARINES SUR,8,673
TIGAON,CAMARINES SUR,8,674
TINAMBAC,CAMARINES SUR,8,675
BAGAMANOC,CATANDUANES,55,676
BARAS,CATANDUANES,55,677
BATO,CATANDUANES,55,678
CARAMORAN,CATANDUANES,55,679
GIGMOTO,CATANDUANES,55,680
PANDAN,CATANDUANES,55,681
PANGANIBAN (PAYO),CATANDUANES,55,682
SAN ANDRES (CALOLBON),CATANDUANES,55,683
SAN MIGUEL,CATANDUANES,55,684
VIGA,CATANDUANES,55,685
VIRAC (Capital),CATANDUANES,55,686
AROROY,MASBATE,56,687
CABANGLASAN,BUKIDNON,33,688
BALENO,MASBATE,56,689
BALUD,MASBATE,56,690
DAMULOG,BUKIDNON,33,691
BATUAN,MASBATE,56,692
CATAINGAN,MASBATE,56,693
CAWAYAN,MASBATE,56,694
CLAVERIA,MASBATE,56,695
DIMASALANG,MASBATE,56,696
ESPERANZA,MASBATE,56,697
MARAMAG,BUKIDNON,33,698
MANDAON,MASBATE,56,699
TALAKAG,BUKIDNON,33,700
CITY OF MASBATE (Capital),MASBATE,56,701
MILAGROS,MASBATE,56,702
MOBO,MASBATE,56,703
MONREAL,MASBATE,56,704
PALANAS,MASBATE,56,705
PIO V. CORPUZ (LIMBUHAN),MASBATE,56,706
PLACER,MASBATE,56,707
SAN FERNANDO,MASBATE,56,708
MANOLO FORTICH,BUKIDNON,33,709
MALITBOG,BUKIDNON,33,710
SAN JACINTO,MASBATE,56,711
SAN PASCUAL,MASBATE,56,712
KITAOTAO,BUKIDNON,33,713
USON,MASBATE,56,714
BARCELONA,SORSOGON,44,715
BULAN,SORSOGON,44,716
BULUSAN,SORSOGON,44,717
CASIGURAN,SORSOGON,44,718
CASTILLA,SORSOGON,44,719
DONSOL,SORSOGON,44,720
GUBAT,SORSOGON,44,721
IROSIN,SORSOGON,44,722
JUBAN,SORSOGON,44,723
MAGALLANES,SORSOGON,44,724
MATNOG,SORSOGON,44,725
PILAR,SORSOGON,44,726
PRIETO DIAZ,SORSOGON,44,727
SANTA MAGDALENA,SORSOGON,44,728
IRIGA CITY,CAMARINES SUR,8,729
NAGA CITY,CAMARINES SUR,8,730
CITY OF TABACO,ALBAY,3,731
ALTAVAS,AKLAN,57,732
BALETE,AKLAN,57,733
BANGA,AKLAN,57,734
BATAN,AKLAN,57,735
BURUANGA,AKLAN,57,736
IBAJAY,AKLAN,57,737
KALIBO (Capital),AKLAN,57,738
LEZO,AKLAN,57,739
LIBACAO,AKLAN,57,740
MADALAG,AKLAN,57,741
MAKATO,AKLAN,57,742
MALAY,AKLAN,57,743
MALINAO,AKLAN,57,744
NABAS,AKLAN,57,745
NEW WASHINGTON,AKLAN,57,746
NUMANCIA,AKLAN,57,747
TANGALAN,AKLAN,57,748
ANINI-Y,ANTIQUE,58,749
BARBAZA,ANTIQUE,58,750
BELISON,ANTIQUE,58,751
BUGASONG,ANTIQUE,58,752
CALUYA,ANTIQUE,58,753
CULASI,ANTIQUE,58,754
HAMTIC,ANTIQUE,58,755
LAUA-AN,ANTIQUE,58,756
LIBERTAD,ANTIQUE,58,757
PANDAN,ANTIQUE,58,758
PATNONGON,ANTIQUE,58,759
KADINGILAN,BUKIDNON,33,760
SAN JOSE (Capital),ANTIQUE,58,761
SAN REMIGIO,ANTIQUE,58,762
SEBASTE,ANTIQUE,58,763
SIBALOM,ANTIQUE,58,764
TIBIAO,ANTIQUE,58,765
TOBIAS FORNIER (DAO),ANTIQUE,58,766
VALDERRAMA,ANTIQUE,58,767
CUARTERO,CAPIZ,17,768
DAO,CAPIZ,17,769
DUMALAG,CAPIZ,17,770
DUMARAO,CAPIZ,17,771
IVISAN,CAPIZ,17,772
JAMINDAN,CAPIZ,17,773
MA-AYON,CAPIZ,17,774
MAMBUSAO,CAPIZ,17,775
PANAY,CAPIZ,17,776
PANITAN,CAPIZ,17,777
PILAR,CAPIZ,17,778
PONTEVEDRA,CAPIZ,17,779
PRESIDENT ROXAS,CAPIZ,17,780
SAPI-AN,CAPIZ,17,781
SIGMA,CAPIZ,17,782
TAPAZ,CAPIZ,17,783
BUENAVISTA,GUIMARAS,59,784
SAN LORENZO,GUIMARAS,59,785
JORDAN (Capital),GUIMARAS,59,786
SIBUNAG,GUIMARAS,59,787
NUEVA VALENCIA,GUIMARAS,59,788
AJUY,ILOILO,14,789
ALIMODIAN,ILOILO,14,790
ANILAO,ILOILO,14,791
IMPASUG-ONG,BUKIDNON,33,792
BADIANGAN,ILOILO,14,793
BALASAN,ILOILO,14,794
BANATE,ILOILO,14,795
BAROTAC NUEVO,ILOILO,14,796
BAROTAC VIEJO,ILOILO,14,797
BATAD,ILOILO,14,798
BINGAWAN,ILOILO,14,799
CABATUAN,ILOILO,14,800
CALINOG,ILOILO,14,801
CARLES,ILOILO,14,802
CONCEPCION,ILOILO,14,803
DINGLE,ILOILO,14,804
DUEÑAS,ILOILO,14,805
DUMANGAS,ILOILO,14,806
ESTANCIA,ILOILO,14,807
GUIMBAL,ILOILO,14,808
IGBARAS,ILOILO,14,809
JANIUAY,ILOILO,14,810
LAMBUNAO,ILOILO,14,811
LEGANES,ILOILO,14,812
LEMERY,ILOILO,14,813
LEON,ILOILO,14,814
MAASIN,ILOILO,14,815
MIAGAO,ILOILO,14,816
MINA,ILOILO,14,817
NEW LUCENA,ILOILO,14,818
OTON,ILOILO,14,819
PAVIA,ILOILO,14,820
POTOTAN,ILOILO,14,821
SAN DIONISIO,ILOILO,14,822
SAN ENRIQUE,ILOILO,14,823
SAN JOAQUIN,ILOILO,14,824
SAN MIGUEL,ILOILO,14,825
SAN RAFAEL,ILOILO,14,826
SARA,ILOILO,14,827
SANTA BARBARA,ILOILO,14,828
TIGBAUAN,ILOILO,14,829
TUBUNGAN,ILOILO,14,830
ZARRAGA,ILOILO,14,831
BINALBAGAN,NEGROS OCCIDENTAL,53,832
CALATRAVA,NEGROS OCCIDENTAL,53,833
CANDONI,NEGROS OCCIDENTAL,53,834
CAUAYAN,NEGROS OCCIDENTAL,53,835
ENRIQUE B. MAGALONA (SARAVIA),NEGROS OCCIDENTAL,53,836
CITY OF ESCALANTE,NEGROS OCCIDENTAL,53,837
CITY OF HIMAMAYLAN,NEGROS OCCIDENTAL,53,838
HINIGARAN,NEGROS OCCIDENTAL,53,839
HINOBA-AN (ASIA),NEGROS OCCIDENTAL,53,840
ILOG,NEGROS OCCIDENTAL,53,841
ISABELA,NEGROS OCCIDENTAL,53,842
LA CASTELLANA,NEGROS OCCIDENTAL,53,843
MANAPLA,NEGROS OCCIDENTAL,53,844
MOISES PADILLA (MAGALLON),NEGROS OCCIDENTAL,53,845
MURCIA,NEGROS OCCIDENTAL,53,846
PONTEVEDRA,NEGROS OCCIDENTAL,53,847
PULUPANDAN,NEGROS OCCIDENTAL,53,848
SALVADOR BENEDICTO,NEGROS OCCIDENTAL,53,849
SAN ENRIQUE,NEGROS OCCIDENTAL,53,850
CITY OF SIPALAY,NEGROS OCCIDENTAL,53,851
TOBOSO,NEGROS OCCIDENTAL,53,852
VALLADOLID,NEGROS OCCIDENTAL,53,853
CITY OF VICTORIAS,NEGROS OCCIDENTAL,53,854
BACOLOD CITY (Capital),NEGROS OCCIDENTAL,53,855
PANGANTUCAN,BUKIDNON,33,856
BAGO CITY,NEGROS OCCIDENTAL,53,857
CADIZ CITY,NEGROS OCCIDENTAL,53,858
ILOILO CITY (Capital),ILOILO,14,859
LA CARLOTA CITY,NEGROS OCCIDENTAL,53,860
SAGAY CITY,NEGROS OCCIDENTAL,53,861
SAN CARLOS CITY,NEGROS OCCIDENTAL,53,862
SILAY CITY,NEGROS OCCIDENTAL,53,863
CITY OF KABANKALAN,NEGROS OCCIDENTAL,53,864
ALBURQUERQUE,BOHOL,34,865
ALICIA,BOHOL,34,866
ANDA,BOHOL,34,867
ANTEQUERA,BOHOL,34,868
BACLAYON,BOHOL,34,869
BALILIHAN,BOHOL,34,870
BATUAN,BOHOL,34,871
BIEN UNIDO,BOHOL,34,872
BILAR,BOHOL,34,873
CALAPE,BOHOL,34,874
CANDIJAY,BOHOL,34,875
CARMEN,BOHOL,34,876
CATIGBIAN,BOHOL,34,877
CLARIN,BOHOL,34,878
CORELLA,BOHOL,34,879
CORTES,BOHOL,34,880
DAGOHOY,BOHOL,34,881
DANAO,BOHOL,34,882
DAUIS,BOHOL,34,883
DIMIAO,BOHOL,34,884
DUERO,BOHOL,34,885
GARCIA HERNANDEZ,BOHOL,34,886
GETAFE,BOHOL,34,887
GUINDULMAN,BOHOL,34,888
INABANGA,BOHOL,34,889
JAGNA,BOHOL,34,890
LILA,BOHOL,34,891
LOAY,BOHOL,34,892
LOBOC,BOHOL,34,893
LOON,BOHOL,34,894
MABINI,BOHOL,34,895
MARIBOJOC,BOHOL,34,896
PANGLAO,BOHOL,34,897
PILAR,BOHOL,34,898
PRES. CARLOS P. GARCIA (PITOGO),BOHOL,34,899
SAGBAYAN (BORJA),BOHOL,34,900
SAN ISIDRO,BOHOL,34,901
SAN MIGUEL,BOHOL,34,902
SEVILLA,BOHOL,34,903
SIERRA BULLONES,BOHOL,34,904
SIKATUNA,BOHOL,34,905
TAGBILARAN CITY (Capital),BOHOL,34,906
TALIBON,BOHOL,34,907
TRINIDAD,BOHOL,34,908
TUBIGON,BOHOL,34,909
UBAY,BOHOL,34,910
VALENCIA,BOHOL,34,911
ALCANTARA,CEBU,60,912
ALCOY,CEBU,60,913
ALEGRIA,CEBU,60,914
ALOGUINSAN,CEBU,60,915
ARGAO,CEBU,60,916
ASTURIAS,CEBU,60,917
BADIAN,CEBU,60,918
BALAMBAN,CEBU,60,919
BANTAYAN,CEBU,60,920
BARILI,CEBU,60,921
CITY OF BOGO,CEBU,60,922
BOLJOON,CEBU,60,923
BORBON,CEBU,60,924
CITY OF CARCAR,CEBU,60,925
CARMEN,CEBU,60,926
CATMON,CEBU,60,927
COMPOSTELA,CEBU,60,928
CONSOLACION,CEBU,60,929
CORDOVA,CEBU,60,930
DAANBANTAYAN,CEBU,60,931
DALAGUETE,CEBU,60,932
DANAO CITY,CEBU,60,933
DUMANJUG,CEBU,60,934
GINATILAN,CEBU,60,935
LILOAN,CEBU,60,936
MADRIDEJOS,CEBU,60,937
MALABUYOC,CEBU,60,938
MEDELLIN,CEBU,60,939
MINGLANILLA,CEBU,60,940
MOALBOAL,CEBU,60,941
CITY OF NAGA,CEBU,60,942
OSLOB,CEBU,60,943
PILAR,CEBU,60,944
PINAMUNGAHAN,CEBU,60,945
PORO,CEBU,60,946
RONDA,CEBU,60,947
SAMBOAN,CEBU,60,948
SAN FERNANDO,CEBU,60,949
SAN FRANCISCO,CEBU,60,950
SAN REMIGIO,CEBU,60,951
SANTA FE,CEBU,60,952
SANTANDER,CEBU,60,953
SIBONGA,CEBU,60,954
SOGOD,CEBU,60,955
TABOGON,CEBU,60,956
TABUELAN,CEBU,60,957
CITY OF TALISAY,CEBU,60,958
TUBURAN,CEBU,60,959
TUDELA,CEBU,60,960
CEBU CITY (Capital),CEBU,60,961
DUMAGUETE CITY (Capital),NEGROS ORIENTAL,61,962
LAPU-LAPU CITY (OPON),CEBU,60,963
MANDAUE CITY,CEBU,60,964
AMLAN (AYUQUITAN),NEGROS ORIENTAL,61,965
AYUNGON,NEGROS ORIENTAL,61,966
BACONG,NEGROS ORIENTAL,61,967
BAIS CITY,NEGROS ORIENTAL,61,968
BASAY,NEGROS ORIENTAL,61,969
CITY OF BAYAWAN (TULONG),NEGROS ORIENTAL,61,970
BINDOY (PAYABON),NEGROS ORIENTAL,61,971
CANLAON CITY,NEGROS ORIENTAL,61,972
DAUIN,NEGROS ORIENTAL,61,973
CITY OF GUIHULNGAN,NEGROS ORIENTAL,61,974
JIMALALUD,NEGROS ORIENTAL,61,975
LA LIBERTAD,NEGROS ORIENTAL,61,976
MABINAY,NEGROS ORIENTAL,61,977
MANJUYOD,NEGROS ORIENTAL,61,978
PAMPLONA,NEGROS ORIENTAL,61,979
SAN JOSE,NEGROS ORIENTAL,61,980
SIATON,NEGROS ORIENTAL,61,981
SIBULAN,NEGROS ORIENTAL,61,982
SANTA CATALINA,NEGROS ORIENTAL,61,983
CITY OF TANJAY,NEGROS ORIENTAL,61,984
TAYASAN,NEGROS ORIENTAL,61,985
VALENCIA (LUZURRIAGA),NEGROS ORIENTAL,61,986
VALLEHERMOSO,NEGROS ORIENTAL,61,987
ZAMBOANGUITA,NEGROS ORIENTAL,61,988
LARENA,SIQUIJOR,62,989
ENRIQUE VILLANUEVA,SIQUIJOR,62,990
MARIA,SIQUIJOR,62,991
LAZI,SIQUIJOR,62,992
SIQUIJOR (Capital),SIQUIJOR,62,993
SAN JUAN,SIQUIJOR,62,994
TOLEDO CITY,CEBU,60,995
ALMERIA,BILIRAN,63,996
BILIRAN,BILIRAN,63,997
CABUCGAYAN,BILIRAN,63,998
CAIBIRAN,BILIRAN,63,999
CULABA,BILIRAN,63,1000
KAWAYAN,BILIRAN,63,1001
MARIPIPI,BILIRAN,63,1002
NAVAL (Capital),BILIRAN,63,1003
ABUYOG,LEYTE,28,1004
ALANGALANG,LEYTE,28,1005
ALBUERA,LEYTE,28,1006
BABATNGON,LEYTE,28,1007
BARUGO,LEYTE,28,1008
BATO,LEYTE,28,1009
CITY OF BAYBAY,LEYTE,28,1010
BARAUEN,LEYTE,28,1011
CALUBIAN,LEYTE,28,1012
CAPOOCAN,LEYTE,28,1013
CARIGARA,LEYTE,28,1014
DAGAMI,LEYTE,28,1015
DULAG,LEYTE,28,1016
HILONGOS,LEYTE,28,1017
HINDANG,LEYTE,28,1018
INOPACAN,LEYTE,28,1019
ISABEL,LEYTE,28,1020
JARO,LEYTE,28,1021
JAVIER (BUGHO),LEYTE,28,1022
JULITA,LEYTE,28,1023
KANANGA,LEYTE,28,1024
LA PAZ,LEYTE,28,1025
LEYTE,LEYTE,28,1026
MACARTHUR,LEYTE,28,1027
MAHAPLAG,LEYTE,28,1028
ANTAPAN,BUKIDNON,33,1029
MATAG-OB,LEYTE,28,1030
MATALOM,LEYTE,28,1031
MAYORGA,LEYTE,28,1032
MERIDA,LEYTE,28,1033
PALO,LEYTE,28,1034
PALOMPON,LEYTE,28,1035
PASTRANA,LEYTE,28,1036
SAN ISIDRO,LEYTE,28,1037
SAN MIGUEL,LEYTE,28,1038
SANTA FE,LEYTE,28,1039
TABANGO,LEYTE,28,1040
TABONTABON,LEYTE,28,1041
TANAUAN,LEYTE,28,1042
TOLOSA,LEYTE,28,1043
TUNGA,LEYTE,28,1044
VILLABA,LEYTE,28,1045
BONTOC,SOUTHERN LEYTE,64,1046
HINUNANGAN,SOUTHERN LEYTE,64,1047
SILAGO,SOUTHERN LEYTE,64,1048
HINUNDAYAN,SOUTHERN LEYTE,64,1049
ANAHAWAN,SOUTHERN LEYTE,64,1050
LIBAGON,SOUTHERN LEYTE,64,1051
LILOAN,SOUTHERN LEYTE,64,1052
SAN FRANCISCO,SOUTHERN LEYTE,64,1053
CITY OF MAASIN (Capital),SOUTHERN LEYTE,64,1054
MACROHON,SOUTHERN LEYTE,64,1055
MALITBOG,SOUTHERN LEYTE,64,1056
PADRE BURGOS,SOUTHERN LEYTE,64,1057
LIMASAWA,SOUTHERN LEYTE,64,1058
SAN RICARDO,SOUTHERN LEYTE,64,1059
PINTUYAN,SOUTHERN LEYTE,64,1060
SAN JUAN (CABALIAN),SOUTHERN LEYTE,64,1061
SOGOD,SOUTHERN LEYTE,64,1062
SAINT BERNARD,SOUTHERN LEYTE,64,1063
TOMAS OPPUS,SOUTHERN LEYTE,64,1064
ARTECHE,EASTERN SAMAR,65,1065
BALANGIGA,EASTERN SAMAR,65,1066
LAWAAN,EASTERN SAMAR,65,1067
CITY OF BORONGAN (Capital),EASTERN SAMAR,65,1068
CAN-AVID,EASTERN SAMAR,65,1069
DOLORES,EASTERN SAMAR,65,1070
MASLOG,EASTERN SAMAR,65,1071
GENERAL MACARTHUR,EASTERN SAMAR,65,1072
HERNANI,EASTERN SAMAR,65,1073
GIPORLOS,EASTERN SAMAR,65,1074
GUIUAN,EASTERN SAMAR,65,1075
MERCEDES,EASTERN SAMAR,65,1076
JIPAPAD,EASTERN SAMAR,65,1077
LLORENTE,EASTERN SAMAR,65,1078
BALANGKAYAN,EASTERN SAMAR,65,1079
MAYDOLONG,EASTERN SAMAR,65,1080
ORAS,EASTERN SAMAR,65,1081
QUINAPONDAN,EASTERN SAMAR,65,1082
SALCEDO,EASTERN SAMAR,65,1083
SAN JULIAN,EASTERN SAMAR,65,1084
SAN POLICARPO,EASTERN SAMAR,65,1085
SULAT,EASTERN SAMAR,65,1086
TAFT,EASTERN SAMAR,65,1087
ALLEN,NORTHERN SAMAR,66,1088
BIRI,NORTHERN SAMAR,66,1089
BOBON,NORTHERN SAMAR,66,1090
CAPUL,NORTHERN SAMAR,66,1091
CATARMAN (Capital),NORTHERN SAMAR,66,1092
CATUBIG,NORTHERN SAMAR,66,1093
GAMAY,NORTHERN SAMAR,66,1094
LAOANG,NORTHERN SAMAR,66,1095
LAPINIG,NORTHERN SAMAR,66,1096
LAS NAVAS,NORTHERN SAMAR,66,1097
LAVEZARES,NORTHERN SAMAR,66,1098
LOPE DE VEGA,NORTHERN SAMAR,66,1099
MAPANAS,NORTHERN SAMAR,66,1100
MONDRAGON,NORTHERN SAMAR,66,1101
PALAPAG,NORTHERN SAMAR,66,1102
PAMBUJAN,NORTHERN SAMAR,66,1103
ROSARIO,NORTHERN SAMAR,66,1104
SAN ANTONIO,NORTHERN SAMAR,66,1105
SAN ISIDRO,NORTHERN SAMAR,66,1106
SAN JOSE,NORTHERN SAMAR,66,1107
SAN ROQUE,NORTHERN SAMAR,66,1108
SAN VICENTE,NORTHERN SAMAR,66,1109
SILVINO LOBOS,NORTHERN SAMAR,66,1110
VICTORIA,NORTHERN SAMAR,66,1111
ALMAGRO,WESTERN SAMAR,67,1112
BASEY,WESTERN SAMAR,67,1113
CALBIGA,WESTERN SAMAR,67,1114
CITY OF CATBALOGAN (Capital),WESTERN SAMAR,67,1115
DARAM,WESTERN SAMAR,67,1116
GANDARA,WESTERN SAMAR,67,1117
MATUGUINAO,WESTERN SAMAR,67,1118
HINABANGAN,WESTERN SAMAR,67,1119
JIABONG,WESTERN SAMAR,67,1120
MARABUT,WESTERN SAMAR,67,1121
MOTIONG,WESTERN SAMAR,67,1122
PAGSANGHAN,WESTERN SAMAR,67,1123
PINABACDAO,WESTERN SAMAR,67,1124
SAN JORGE,WESTERN SAMAR,67,1125
SAN SEBASTIAN,WESTERN SAMAR,67,1126
SANTA MARGARITA,WESTERN SAMAR,67,1127
SANTA RITA,WESTERN SAMAR,67,1128
SANTO NIÑO,WESTERN SAMAR,67,1129
TAGAPUL-AN,WESTERN SAMAR,67,1130
TARANGNAN,WESTERN SAMAR,67,1131
VILLAREAL,WESTERN SAMAR,67,1132
TALALORA,WESTERN SAMAR,67,1133
PARANAS (WRIGHT),WESTERN SAMAR,67,1134
SAN JOSE DE BUAN,WESTERN SAMAR,67,1135
ZUMARRAGA,WESTERN SAMAR,67,1136
CALBAYOG CITY,WESTERN SAMAR,67,1137
ORMOC CITY,LEYTE,28,1138
BALIGUIAN,ZAMBOANGA DEL NORTE,68,1139
GODOD,ZAMBOANGA DEL NORTE,68,1140
GUTALAC,ZAMBOANGA DEL NORTE,68,1141
JOSE DALMAN (PONOT),ZAMBOANGA DEL NORTE,68,1142
KALAWIT,ZAMBOANGA DEL NORTE,68,1143
KATIPUNAN,ZAMBOANGA DEL NORTE,68,1144
LA LIBERTAD,ZAMBOANGA DEL NORTE,68,1145
LABASON,ZAMBOANGA DEL NORTE,68,1146
BACUNGAN (LEON T. POSTIGO),ZAMBOANGA DEL NORTE,68,1147
LILOY,ZAMBOANGA DEL NORTE,68,1148
PRES. MANUEL A. ROXAS,ZAMBOANGA DEL NORTE,68,1149
MANUKAN,ZAMBOANGA DEL NORTE,68,1150
MUTIA,ZAMBOANGA DEL NORTE,68,1151
PIÑAN (NEW PIÑAN),ZAMBOANGA DEL NORTE,68,1152
POLANCO,ZAMBOANGA DEL NORTE,68,1153
RIZAL,ZAMBOANGA DEL NORTE,68,1154
SALUG,ZAMBOANGA DEL NORTE,68,1155
SERGIO OSMEÑA SR.,ZAMBOANGA DEL NORTE,68,1156
SIAYAN,ZAMBOANGA DEL NORTE,68,1157
SIBUCO,ZAMBOANGA DEL NORTE,68,1158
SIBUTAD,ZAMBOANGA DEL NORTE,68,1159
SINDANGAN,ZAMBOANGA DEL NORTE,68,1160
SIOCON,ZAMBOANGA DEL NORTE,68,1161
SIRAWAI,ZAMBOANGA DEL NORTE,68,1162
TAMPILISAN,ZAMBOANGA DEL NORTE,68,1163
AURORA,ZAMBOANGA DEL SUR,69,1164
BAYOG,ZAMBOANGA DEL SUR,69,1165
DIMATALING,ZAMBOANGA DEL SUR,69,1166
DINAS,ZAMBOANGA DEL SUR,69,1167
DUMALINAO,ZAMBOANGA DEL SUR,69,1168
DUMINGAG,ZAMBOANGA DEL SUR,69,1169
GUIPOS,ZAMBOANGA DEL SUR,69,1170
JOSEFINA,ZAMBOANGA DEL SUR,69,1171
KUMALARANG,ZAMBOANGA DEL SUR,69,1172
LABANGAN,ZAMBOANGA DEL SUR,69,1173
LAKEWOOD,ZAMBOANGA DEL SUR,69,1174
LAPUYAN,ZAMBOANGA DEL SUR,69,1175
MAHAYAG,ZAMBOANGA DEL SUR,69,1176
MARGOSATUBIG,ZAMBOANGA DEL SUR,69,1177
MIDSALIP,ZAMBOANGA DEL SUR,69,1178
MOLAVE,ZAMBOANGA DEL SUR,69,1179
PITOGO,ZAMBOANGA DEL SUR,69,1180
RAMON MAGSAYSAY (LIARGO),ZAMBOANGA DEL SUR,69,1181
SAN MIGUEL,ZAMBOANGA DEL SUR,69,1182
SAN PABLO,ZAMBOANGA DEL SUR,69,1183
SOMINOT (DON MARIANO MARCOS),ZAMBOANGA DEL SUR,69,1184
TABINA,ZAMBOANGA DEL SUR,69,1185
TAMBULIG,ZAMBOANGA DEL SUR,69,1186
TIGBAO,ZAMBOANGA DEL SUR,69,1187
TUKURAN,ZAMBOANGA DEL SUR,69,1188
VINCENZO A. SAGUN,ZAMBOANGA DEL SUR,69,1189
ALICIA,ZAMBOANGA SIBUGAY,70,1190
BUUG,ZAMBOANGA SIBUGAY,70,1191
DIPLAHAN,ZAMBOANGA SIBUGAY,70,1192
IMELDA,ZAMBOANGA SIBUGAY,70,1193
IPIL,ZAMBOANGA SIBUGAY,70,1194
KABASALAN,ZAMBOANGA SIBUGAY,70,1195
MABUHAY,ZAMBOANGA SIBUGAY,70,1196
MALANGAS,ZAMBOANGA SIBUGAY,70,1197
NAGA,ZAMBOANGA SIBUGAY,70,1198
OLUTANGA,ZAMBOANGA SIBUGAY,70,1199
PAYAO,ZAMBOANGA SIBUGAY,70,1200
ROSELLER LIM,ZAMBOANGA SIBUGAY,70,1201
SIAY,ZAMBOANGA SIBUGAY,70,1202
TALUSAN,ZAMBOANGA SIBUGAY,70,1203
TITAY,ZAMBOANGA SIBUGAY,70,1204
TUNGAWAN,ZAMBOANGA SIBUGAY,70,1205
DAPITAN CITY,ZAMBOANGA DEL NORTE,68,1206
DIPOLOG CITY (Capital),ZAMBOANGA DEL NORTE,68,1207
PAGADIAN CITY (Capital),ZAMBOANGA DEL SUR,69,1208
ZAMBOANGA CITY,ZAMBOANGA DEL SUR,69,1209
BAUNGON,BUKIDNON,33,1210
DANGCAGAN,BUKIDNON,33,1211
DON CARLOS,BUKIDNON,33,1212
KALILANGAN,BUKIDNON,33,1213
KIBAWE,BUKIDNON,33,1214
LIBONA,BUKIDNON,33,1215
QUEZON,BUKIDNON,33,1216
SUMILAO,BUKIDNON,33,1217
CITY OF VALENCIA,BUKIDNON,33,1218
CATARMAN,CAMIGUIN,71,1219
MAHINOG,CAMIGUIN,71,1220
MAMBAJAO (Capital),CAMIGUIN,71,1221
SAGAY,CAMIGUIN,71,1222
GUINSILIBAN,CAMIGUIN,71,1223
BACOLOD,LANAO DEL NORTE,37,1224
BALOI,LANAO DEL NORTE,37,1225
BAROY,LANAO DEL NORTE,37,1226
KAPATAGAN,LANAO DEL NORTE,37,1227
SULTAN NAGA DIMAPORO (KAROMATAN),LANAO DEL NORTE,37,1228
KAUSWAGAN,LANAO DEL NORTE,37,1229
TANGCAL,LANAO DEL NORTE,37,1230
KOLAMBUGAN,LANAO DEL NORTE,37,1231
LALA,LANAO DEL NORTE,37,1232
LINAMON,LANAO DEL NORTE,37,1233
MAGSAYSAY,LANAO DEL NORTE,37,1234
MAIGO,LANAO DEL NORTE,37,1235
MUNAI,LANAO DEL NORTE,37,1236
MATUNGAO,LANAO DEL NORTE,37,1237
POONA PIAGAPO,LANAO DEL NORTE,37,1238
PANTAO RAGAT,LANAO DEL NORTE,37,1239
PANTAR,LANAO DEL NORTE,37,1240
SALVADOR,LANAO DEL NORTE,37,1241
SAPAD,LANAO DEL NORTE,37,1242
NUNUNGAN,LANAO DEL NORTE,37,1243
TAGOLOAN,LANAO DEL NORTE,37,1244
TUBOD (Capital),LANAO DEL NORTE,37,1245
ALORAN,MISAMIS OCCIDENTAL,72,1246
BALIANGAO,MISAMIS OCCIDENTAL,72,1247
BONIFACIO,MISAMIS OCCIDENTAL,72,1248
CALAMBA,MISAMIS OCCIDENTAL,72,1249
CLARIN,MISAMIS OCCIDENTAL,72,1250
CONCEPCION,MISAMIS OCCIDENTAL,72,1251
DON VICTORIANO CHIONGBIAN,MISAMIS OCCIDENTAL,72,1252
JIMENEZ,MISAMIS OCCIDENTAL,72,1253
LOPEZ JAENA,MISAMIS OCCIDENTAL,72,1254
CITY OF VALENZUELA,NCR   THIRD DISTRICT,73,1255
OROQUIETA CITY (Capital),MISAMIS OCCIDENTAL,72,1256
PANAON,MISAMIS OCCIDENTAL,72,1257
PLARIDEL,MISAMIS OCCIDENTAL,72,1258
SAPANG DALAGA,MISAMIS OCCIDENTAL,72,1259
SINACABAN,MISAMIS OCCIDENTAL,72,1260
TUDELA,MISAMIS OCCIDENTAL,72,1261
ALUBIJID,MISAMIS ORIENTAL,51,1262
BALINGASAG,MISAMIS ORIENTAL,51,1263
CLAVERIA,MISAMIS ORIENTAL,51,1264
CITY OF EL SALVADOR,MISAMIS ORIENTAL,51,1265
INITAO,MISAMIS ORIENTAL,51,1266
JASAAN,MISAMIS ORIENTAL,51,1267
SUGBONGCOGON,MISAMIS ORIENTAL,51,1268
BINUANGAN,MISAMIS ORIENTAL,51,1269
KINOGUITAN,MISAMIS ORIENTAL,51,1270
LAGONGLONG,MISAMIS ORIENTAL,51,1271
GITAGUM,MISAMIS ORIENTAL,51,1272
LIBERTAD,MISAMIS ORIENTAL,51,1273
MAGSAYSAY (LINUGOS),MISAMIS ORIENTAL,51,1274
MANTICAO,MISAMIS ORIENTAL,51,1275
MEDINA,MISAMIS ORIENTAL,51,1276
OPOL,MISAMIS ORIENTAL,51,1277
CITY OF LAMITAN,BASILAN,74,1278
SALAY,MISAMIS ORIENTAL,51,1279
TAGOLOAN,MISAMIS ORIENTAL,51,1280
TALISAYAN,MISAMIS ORIENTAL,51,1281
BALINGOAN,MISAMIS ORIENTAL,51,1282
VILLANUEVA,MISAMIS ORIENTAL,51,1283
LAGUINDINGAN,MISAMIS ORIENTAL,51,1284
LUGAIT,MISAMIS ORIENTAL,51,1285
NAAWAN,MISAMIS ORIENTAL,51,1286
CAGAYAN DE ORO CITY (Capital),MISAMIS ORIENTAL,51,1287
OZAMIS CITY,MISAMIS OCCIDENTAL,72,1288
TANGUB CITY,MISAMIS OCCIDENTAL,72,1289
COMPOSTELA,COMPOSTELA VALLEY,25,1290
LAAK (SAN VICENTE),COMPOSTELA VALLEY,25,1291
MABINI (DOÑA ALICIA),COMPOSTELA VALLEY,25,1292
MACO,COMPOSTELA VALLEY,25,1293
MARAGUSAN (SAN MARIANO),COMPOSTELA VALLEY,25,1294
MAWAB,COMPOSTELA VALLEY,25,1295
MONKAYO,COMPOSTELA VALLEY,25,1296
MONTEVISTA,COMPOSTELA VALLEY,25,1297
NABUNTURAN (Capital),COMPOSTELA VALLEY,25,1298
PANTUKAN,COMPOSTELA VALLEY,25,1299
ASUNCION (SAUG),DAVAO DEL NORTE,21,1300
SAN ISIDRO,DAVAO DEL NORTE,21,1301
ISLAND GARDEN CITY OF SAMAL,DAVAO DEL NORTE,21,1302
BRAULIO E. DUJALI,DAVAO DEL NORTE,21,1303
CARMEN,DAVAO DEL NORTE,21,1304
NEW CORELLA,DAVAO DEL NORTE,21,1305
SANTO TOMAS,DAVAO DEL NORTE,21,1306
CITY OF TAGUM (Capital),DAVAO DEL NORTE,21,1307
BANSALAN,DAVAO DEL SUR,45,1308
DON MARCELINO,DAVAO OCCIDENTAL,48,1309
HAGONOY,DAVAO DEL SUR,45,1310
KIBLAWAN,DAVAO DEL SUR,45,1311
MAGSAYSAY,DAVAO DEL SUR,45,1312
MALALAG,DAVAO DEL SUR,45,1313
MALITA,DAVAO OCCIDENTAL,48,1314
MATANAO,DAVAO DEL SUR,45,1315
PADADA,DAVAO DEL SUR,45,1316
SARANGANI,DAVAO OCCIDENTAL,48,1317
SANTA CRUZ,DAVAO DEL SUR,45,1318
SULOP,DAVAO DEL SUR,45,1319
BANAYBANAY,DAVAO ORIENTAL,19,1320
BOSTON,DAVAO ORIENTAL,19,1321
CATEEL,DAVAO ORIENTAL,19,1322
GOVERNOR GENEROSO,DAVAO ORIENTAL,19,1323
LUPON,DAVAO ORIENTAL,19,1324
MANAY,DAVAO ORIENTAL,19,1325
TARRAGONA,DAVAO ORIENTAL,19,1326
CITY OF DIGOS (Capital),DAVAO DEL SUR,45,1327
CITY OF PANABO,DAVAO DEL NORTE,21,1328
ALAMADA,NORTH COTABATO,32,1329
ALEOSAN,NORTH COTABATO,32,1330
ANTIPAS,NORTH COTABATO,32,1331
ARAKAN,NORTH COTABATO,32,1332
GEN. S. K. PENDATUN,MAGUINDANAO,7,1333
BANISILAN,NORTH COTABATO,32,1334
KABACAN,NORTH COTABATO,32,1335
DATU PAGLAS,MAGUINDANAO,7,1336
MATALAM,NORTH COTABATO,32,1337
MIDSAYAP,NORTH COTABATO,32,1338
M'LANG,NORTH COTABATO,32,1339
PIGKAWAYAN,NORTH COTABATO,32,1340
PIKIT,NORTH COTABATO,32,1341
TAMPAKAN,SOUTH COTABATO,4,1342
SAN AGUSTIN,SURIGAO DEL SUR,75,1343
PRESIDENT ROXAS,NORTH COTABATO,32,1344
BANGA,SOUTH COTABATO,4,1345
ALEGRIA,SURIGAO DEL NORTE,76,1346
NORALA,SOUTH COTABATO,4,1347
ROSARIO,AGUSAN DEL SUR,77,1348
SANTO NIÑO,SOUTH COTABATO,4,1349
SURALLAH,SOUTH COTABATO,4,1350
TANTANGAN,SOUTH COTABATO,4,1351
TUPI,SOUTH COTABATO,4,1352
BAGUMBAYAN,SULTAN KUDARAT,16,1353
SAN QUINTIN,ABRA,13,1354
COLUMBIO,SULTAN KUDARAT,16,1355
ESPERANZA,SULTAN KUDARAT,16,1356
ISULAN (Capital),SULTAN KUDARAT,16,1357
LAMBAYONG (MARIANO MARCOS),SULTAN KUDARAT,16,1358
LUTAYAN,SULTAN KUDARAT,16,1359
PALIMBANG,SULTAN KUDARAT,16,1360
PRESIDENT QUIRINO,SULTAN KUDARAT,16,1361
CITY OF TACURONG,SULTAN KUDARAT,16,1362
COTABATO CITY,CITY OF COTABATO,78,1363
GENERAL SANTOS CITY (DADIANGAS),SOUTH COTABATO,4,1364
CITY OF KIDAPAWAN (Capital),NORTH COTABATO,32,1365
CARMEN,AGUSAN DEL NORTE,79,1366
JABONGA,AGUSAN DEL NORTE,79,1367
KITCHARAO,AGUSAN DEL NORTE,79,1368
LAS NIEVES,AGUSAN DEL NORTE,79,1369
MAGALLANES,AGUSAN DEL NORTE,79,1370
NASIPIT,AGUSAN DEL NORTE,79,1371
BUENAVISTA,AGUSAN DEL NORTE,79,1372
CITY OF CABADBARAN,AGUSAN DEL NORTE,79,1373
REMEDIOS T. ROMUALDEZ,AGUSAN DEL NORTE,79,1374
SANTIAGO,AGUSAN DEL NORTE,79,1375
TUBAY,AGUSAN DEL NORTE,79,1376
CITY OF BAYUGAN,AGUSAN DEL SUR,77,1377
BUNAWAN,AGUSAN DEL SUR,77,1378
ESPERANZA,AGUSAN DEL SUR,77,1379
LORETO,AGUSAN DEL SUR,77,1380
LA PAZ,AGUSAN DEL SUR,77,1381
PROSPERIDAD (Capital),AGUSAN DEL SUR,77,1382
SAN FRANCISCO,AGUSAN DEL SUR,77,1383
SIBAGAT,AGUSAN DEL SUR,77,1384
VERUELA,AGUSAN DEL SUR,77,1385
SANTA JOSEFA,AGUSAN DEL SUR,77,1386
SAN LUIS,AGUSAN DEL SUR,77,1387
TALACOGON,AGUSAN DEL SUR,77,1388
TRENTO,AGUSAN DEL SUR,77,1389
BUTUAN CITY (Capital),AGUSAN DEL NORTE,79,1390
DAPA,SURIGAO DEL NORTE,76,1391
GENERAL LUNA,SURIGAO DEL NORTE,76,1392
DEL CARMEN,SURIGAO DEL NORTE,76,1393
PILAR,SURIGAO DEL NORTE,76,1394
SAN ISIDRO,SURIGAO DEL NORTE,76,1395
SANTA MONICA (SAPAO),SURIGAO DEL NORTE,76,1396
BURGOS,SURIGAO DEL NORTE,76,1397
SOCORRO,SURIGAO DEL NORTE,76,1398
SAN BENITO,SURIGAO DEL NORTE,76,1399
SURIGAO CITY (Capital),SURIGAO DEL NORTE,76,1400
LIBJO (ALBOR),DINAGAT ISLANDS,80,1401
SAN FRANCISCO (ANAO-AON),SURIGAO DEL NORTE,76,1402
BACUAG,SURIGAO DEL NORTE,76,1403
CAGDIANAO,DINAGAT ISLANDS,80,1404
CLAVER,SURIGAO DEL NORTE,76,1405
DINAGAT,DINAGAT ISLANDS,80,1406
GIGAQUIT,SURIGAO DEL NORTE,76,1407
LORETO,DINAGAT ISLANDS,80,1408
MAINIT,SURIGAO DEL NORTE,76,1409
MALIMONO,SURIGAO DEL NORTE,76,1410
PLACER,SURIGAO DEL NORTE,76,1411
BASILISA (RIZAL),DINAGAT ISLANDS,80,1412
SAN JOSE (Capital),DINAGAT ISLANDS,80,1413
SISON,SURIGAO DEL NORTE,76,1414
TAGANA-AN,SURIGAO DEL NORTE,76,1415
TUBAJON,DINAGAT ISLANDS,80,1416
TUBOD,SURIGAO DEL NORTE,76,1417
BAROBO,SURIGAO DEL SUR,75,1418
BAYABAS,SURIGAO DEL SUR,75,1419
CITY OF BISLIG,SURIGAO DEL SUR,75,1420
CAGWAIT,SURIGAO DEL SUR,75,1421
CANTILAN,SURIGAO DEL SUR,75,1422
CARMEN,SURIGAO DEL SUR,75,1423
CARRASCAL,SURIGAO DEL SUR,75,1424
CORTES,SURIGAO DEL SUR,75,1425
HINATUAN,SURIGAO DEL SUR,75,1426
LANUZA,SURIGAO DEL SUR,75,1427
LIANGA,SURIGAO DEL SUR,75,1428
LINGIG,SURIGAO DEL SUR,75,1429
MADRID,SURIGAO DEL SUR,75,1430
MARIHATAG,SURIGAO DEL SUR,75,1431
SAN MIGUEL,SURIGAO DEL SUR,75,1432
TAGBINA,SURIGAO DEL SUR,75,1433
TAGO,SURIGAO DEL SUR,75,1434
CITY OF TANDAG (Capital),SURIGAO DEL SUR,75,1435
LANTAWAN,BASILAN,74,1436
MALUSO,BASILAN,74,1437
HADJI MUHTAMAD,BASILAN,74,1438
TABUAN-LASA,BASILAN,74,1439
SUMISIP,BASILAN,74,1440
TIPO-TIPO,BASILAN,74,1441
AKBAR,BASILAN,74,1442
AL-BARKA,BASILAN,74,1443
UNGKAYA PUKAN,BASILAN,74,1444
HADJI MOHAMMAD AJUL,BASILAN,74,1445
TUBURAN,BASILAN,74,1446
BALINDONG (WATU),LANAO DEL SUR,81,1447
BUBONG,LANAO DEL SUR,81,1448
BUADIPOSO-BUNTONG,LANAO DEL SUR,81,1449
DITSAAN-RAMAIN,LANAO DEL SUR,81,1450
KAPAI,LANAO DEL SUR,81,1451
TAGOLOAN II,LANAO DEL SUR,81,1452
LUMBA-BAYABAO (MAGUING),LANAO DEL SUR,81,1453
MAGUING,LANAO DEL SUR,81,1454
MARANTAO,LANAO DEL SUR,81,1455
MASIU,LANAO DEL SUR,81,1456
MULONDO,LANAO DEL SUR,81,1457
POONA BAYABAO (GATA),LANAO DEL SUR,81,1458
PIAGAPO,LANAO DEL SUR,81,1459
SAGUIARAN,LANAO DEL SUR,81,1460
TAMPARAN,LANAO DEL SUR,81,1461
TARAKA,LANAO DEL SUR,81,1462
WAO,LANAO DEL SUR,81,1463
BUMBARAN,LANAO DEL SUR,81,1464
BACOLOD-KALAWI (BACOLOD GRANDE),LANAO DEL SUR,81,1465
BALABAGAN,LANAO DEL SUR,81,1466
KAPATAGAN,LANAO DEL SUR,81,1467
BAYANG,LANAO DEL SUR,81,1468
BINIDAYAN,LANAO DEL SUR,81,1469
BUTIG,LANAO DEL SUR,81,1470
GANASSI,LANAO DEL SUR,81,1471
LUMBATAN,LANAO DEL SUR,81,1472
LUMBACA-UNAYAN,LANAO DEL SUR,81,1473
LUMBAYANAGUE,LANAO DEL SUR,81,1474
MADALUM,LANAO DEL SUR,81,1475
MADAMBA,LANAO DEL SUR,81,1476
MALABANG,LANAO DEL SUR,81,1477
MAROGONG,LANAO DEL SUR,81,1478
CALANOGAS,LANAO DEL SUR,81,1479
PAGAYAWAN (TATARIKAN),LANAO DEL SUR,81,1480
PUALAS,LANAO DEL SUR,81,1481
SULTAN GUMANDER (PICONG),LANAO DEL SUR,81,1482
TUBARAN,LANAO DEL SUR,81,1483
TUGAYA,LANAO DEL SUR,81,1484
SULTAN DUMALONDONG,LANAO DEL SUR,81,1485
DATU ABDULLAH SANGKI,MAGUINDANAO,7,1486
AMPATUAN,MAGUINDANAO,7,1487
BARIRA,MAGUINDANAO,7,1488
BULDON,MAGUINDANAO,7,1489
MANGUDADATU,MAGUINDANAO,7,1490
PANDAG,MAGUINDANAO,7,1491
DATU PIANG,MAGUINDANAO,7,1492
DATU SAUDI-AMPATUAN,MAGUINDANAO,7,1493
SHARIFF SAYDONA MUSTAPHA,MAGUINDANAO,7,1494
DATU SALIBO,MAGUINDANAO,7,1495
DATU ODIN SINSUAT (DINAIG),MAGUINDANAO,7,1496
KABUNTALAN (TUMBAO),MAGUINDANAO,7,1497
DATU UNSAY,MAGUINDANAO,7,1498
SHARIFF AGUAK (MAGANOY) (Capital),MAGUINDANAO,7,1499
DATU HOFFER AMPATUAN,MAGUINDANAO,7,1500
MATANOG,MAGUINDANAO,7,1501
DATU MONTAWAL (PAGAGAWAN),MAGUINDANAO,7,1502
PARANG,MAGUINDANAO,7,1503
PAGLAT,MAGUINDANAO,7,1504
MAMASAPANO,MAGUINDANAO,7,1505
SULTAN KUDARAT (NULING),MAGUINDANAO,7,1506
SULTAN MASTURA,MAGUINDANAO,7,1507
SULTAN SA BARONGIS (LAMBAYONG),MAGUINDANAO,7,1508
RAJAH BUAYAN,MAGUINDANAO,7,1509
GUINDULUNGAN,MAGUINDANAO,7,1510
DATU ANGGAL MIDTIMBANG,MAGUINDANAO,7,1511
TALAYAN,MAGUINDANAO,7,1512
TALITAY,MAGUINDANAO,7,1513
UPI,MAGUINDANAO,7,1514
SOUTH UPI,MAGUINDANAO,7,1515
INDANAN,SULU,82,1516
JOLO (Capital),SULU,82,1517
HADJI PANGLIMA TAHIL (MARUNGGAS),SULU,82,1518
SIASI,SULU,82,1519
LUGUS,SULU,82,1520
LUUK,SULU,82,1521
KALINGALAN CALUANG,SULU,82,1522
OMAR,SULU,82,1523
MAIMBUNG,SULU,82,1524
PATA,SULU,82,1525
OLD PANAMAO,SULU,82,1526
PANGLIMA ESTINO (NEW PANAMAO),SULU,82,1527
PANGUTARAN,SULU,82,1528
PARANG,SULU,82,1529
PATIKUL,SULU,82,1530
PANDAMI,SULU,82,1531
TALIPAO,SULU,82,1532
TAPUL,SULU,82,1533
TONGKIL,SULU,82,1534
PANGLIMA SUGALA (BALIMBING) (Capital),TAWI-TAWI,20,1535
BONGAO,TAWI-TAWI,20,1536
TURTLE ISLANDS,TAWI-TAWI,20,1537
MAPUN (CAGAYAN DE TAWI-TAWI),TAWI-TAWI,20,1538
LANGUYAN,TAWI-TAWI,20,1539
SAPA-SAPA,TAWI-TAWI,20,1540
SIBUTU,TAWI-TAWI,20,1541
SIMUNUL,TAWI-TAWI,20,1542
SOUTH UBIAN,TAWI-TAWI,20,1543
TANDUBAS,TAWI-TAWI,20,1544
MARAWI CITY,LANAO DEL SUR,81,1545
BUCAY,ABRA,13,1546
MANABO,ABRA,13,1547
TAYUM,ABRA,13,1548
DOLORES,ABRA,13,1549
DANGLAS,ABRA,13,1550
LA PAZ,ABRA,13,1551
LICUAN-BAAY (LICUAN),ABRA,13,1552
LACUB,ABRA,13,1553
LAGANGILANG,ABRA,13,1554
MALIBCONG,ABRA,13,1555
LUBA,ABRA,13,1556
TUBO,ABRA,13,1557
SAN ISIDRO,ABRA,13,1558
PEÑARRUBIA,ABRA,13,1559
LANGIDEN,ABRA,13,1560
PILAR,ABRA,13,1561
VILLAVICIOSA,ABRA,13,1562
BOLINEY,ABRA,13,1563
BUCLOC,ABRA,13,1564
DAGUIOMAN,ABRA,13,1565
TINEG,ABRA,13,1566
SAN JUAN,ABRA,13,1567
LAGAYAN,ABRA,13,1568
CALANASAN (BAYAG),APAYAO,83,1569
CONNER,APAYAO,83,1570
FLORA,APAYAO,83,1571
KABUGAO (Capital),APAYAO,83,1572
LUNA,APAYAO,83,1573
PUDTOL,APAYAO,83,1574
SANTA MARCELA,APAYAO,83,1575
ATOK,BENGUET,11,1576
BAKUN,BENGUET,11,1577
BOKOD,BENGUET,11,1578
BUGUIAS,BENGUET,11,1579
ITOGON,BENGUET,11,1580
KABAYAN,BENGUET,11,1581
KAPANGAN,BENGUET,11,1582
KIBUNGAN,BENGUET,11,1583
LA TRINIDAD (Capital),BENGUET,11,1584
MANKAYAN,BENGUET,11,1585
SABLAN,BENGUET,11,1586
TUBLAY,BENGUET,11,1587
AGUINALDO,IFUGAO,84,1588
ALFONSO LISTA (POTIA),IFUGAO,84,1589
ASIPULO,IFUGAO,84,1590
BANAUE,IFUGAO,84,1591
HINGYON,IFUGAO,84,1592
HUNGDUAN,IFUGAO,84,1593
KIANGAN,IFUGAO,84,1594
LAGAWE (Capital),IFUGAO,84,1595
LAMUT,IFUGAO,84,1596
MAYOYAO,IFUGAO,84,1597
TINOC,IFUGAO,84,1598
BALBALAN,KALINGA,85,1599
LUBUAGAN,KALINGA,85,1600
CITY OF TABUK (Capital),KALINGA,85,1601
PASIL,KALINGA,85,1602
PINUKPUK,KALINGA,85,1603
RIZAL (LIWAN),KALINGA,85,1604
TANUDAN,KALINGA,85,1605
TINGLAYAN,KALINGA,85,1606
BARLIG,MOUNTAIN PROVINCE,86,1607
BAUKO,MOUNTAIN PROVINCE,86,1608
BESAO,MOUNTAIN PROVINCE,86,1609
BONTOC (Capital),MOUNTAIN PROVINCE,86,1610
NATONIN,MOUNTAIN PROVINCE,86,1611
PARACELIS,MOUNTAIN PROVINCE,86,1612
SABANGAN,MOUNTAIN PROVINCE,86,1613
SADANGA,MOUNTAIN PROVINCE,86,1614
SAGADA,MOUNTAIN PROVINCE,86,1615
TADIAN,MOUNTAIN PROVINCE,86,1616
BAGUIO CITY,BENGUET,11,1617
TONDO,"MANILA, NCR,  FIRST DISTRICT",87,1618
SANTA CRUZ,"MANILA, NCR,  FIRST DISTRICT",87,1619
QUIAPO,"MANILA, NCR,  FIRST DISTRICT",87,1620
SAN MIGUEL,"MANILA, NCR,  FIRST DISTRICT",87,1621
SAN NICOLAS,"MANILA, NCR,  FIRST DISTRICT",87,1622
SAMPALOC,"MANILA, NCR,  FIRST DISTRICT",87,1623
PACO,"MANILA, NCR,  FIRST DISTRICT",87,1624
MALATE,"MANILA, NCR,  FIRST DISTRICT",87,1625
PORT AREA,"MANILA, NCR,  FIRST DISTRICT",87,1626
SANTA ANA,"MANILA, NCR,  FIRST DISTRICT",87,1627
PANDACAN,"MANILA, NCR,  FIRST DISTRICT",87,1628
QUEZON CITY,NCR   SECOND DISTRICT,43,1629
PASAY CITY,NCR   FOURTH DISTRICT,88,1630
KALOOKAN CITY,NCR   THIRD DISTRICT,73,1631
CITY OF MARIKINA,NCR   SECOND DISTRICT,43,1632
CITY OF MAKATI,NCR   FOURTH DISTRICT,88,1633
CITY OF PASIG,NCR   SECOND DISTRICT,43,1634
CITY OF SAN JUAN,NCR   SECOND DISTRICT,43,1635
CITY OF PARAÑAQUE,NCR   FOURTH DISTRICT,88,1636
CITY OF LAS PIÑAS,NCR   FOURTH DISTRICT,88,1637
CITY OF MALABON,NCR   THIRD DISTRICT,73,1638
CITY OF NAVOTAS,NCR   THIRD DISTRICT,73,1639
TAGUIG CITY,NCR   FOURTH DISTRICT,88,1640
PATEROS,NCR   FOURTH DISTRICT,88,1641
CITY OF MUNTINLUPA,NCR   FOURTH DISTRICT,88,1642
ERMITA,"MANILA, NCR,  FIRST DISTRICT",87,1643
INTRAMUROS,"MANILA, NCR,  FIRST DISTRICT",87,1644
NORTHERN KABUNTALAN,MAGUINDANAO,7,1645
BINONDO,"MANILA, NCR,  FIRST DISTRICT",87,1646
KALAYAAN,PALAWAN,36,1647
Others,Others,89,1648
